2026-07-05T20:54:37+06:00  === PREFLIGHT ===
2026-07-05T20:54:38+06:00  [open    ] requested 'CraftX Qwen2.5 72B Instruct' -> echoed 'CraftX Qwen2.5 72B Instruct'
2026-07-05T20:54:40+06:00  [frontier] requested 'Kimi K2 Instruct' -> echoed 'Kimi K2 Instruct'
2026-07-05T20:54:42+06:00  [reasoning] requested 'CraftX Qwen3 235B A22B Thinking 2507' -> echoed 'CraftX Qwen3 235B A22B Thinking 2507'
2026-07-05T20:54:42+06:00  preflight OK: all three model ids resolve.
2026-07-05T20:54:42+06:00  === PILOT: 45 runs total, 0 already done, 45 to run => ~90 model calls (2 phases each) ===
2026-07-05T20:55:31+06:00  [1/45] ca_001__en__qwen2572b__r1 valid=True choice=D retries=0
2026-07-05T20:56:34+06:00  [2/45] ca_001__en__qwen2572b__r2 valid=True choice=D retries=0
2026-07-05T20:56:39+06:00  [3/45] ca_001__en__qwen2572b__r3 valid=True choice=A retries=0
2026-07-05T20:56:45+06:00  [4/45] ca_001__id__qwen2572b__r1 valid=True choice=B retries=0
2026-07-05T20:56:52+06:00  [5/45] ca_001__id__qwen2572b__r2 valid=True choice=D retries=0
2026-07-05T20:56:59+06:00  [6/45] ca_001__id__qwen2572b__r3 valid=True choice=B retries=0
2026-07-05T20:57:16+06:00  [7/45] ca_001__bn__qwen2572b__r1 valid=True choice=D retries=0
2026-07-05T20:57:32+06:00  [8/45] ca_001__bn__qwen2572b__r2 valid=True choice=D retries=0
2026-07-05T20:57:51+06:00  [9/45] ca_001__bn__qwen2572b__r3 valid=True choice=D retries=0
2026-07-05T20:57:57+06:00  [10/45] ca_002__en__qwen2572b__r1 valid=True choice=D retries=0
2026-07-05T20:58:03+06:00  [11/45] ca_002__en__qwen2572b__r2 valid=True choice=D retries=0
2026-07-05T20:58:09+06:00  [12/45] ca_002__en__qwen2572b__r3 valid=True choice=D retries=0
2026-07-05T20:58:17+06:00  [13/45] ca_002__id__qwen2572b__r1 valid=True choice=A retries=0
2026-07-05T20:58:26+06:00  [14/45] ca_002__id__qwen2572b__r2 valid=True choice=B retries=0
2026-07-05T20:58:32+06:00  [15/45] ca_002__id__qwen2572b__r3 valid=True choice=A retries=0
2026-07-05T20:58:53+06:00  [16/45] ca_002__bn__qwen2572b__r1 valid=True choice=D retries=0
2026-07-05T20:59:16+06:00  [17/45] ca_002__bn__qwen2572b__r2 valid=True choice=A retries=0
2026-07-05T20:59:39+06:00  [18/45] ca_002__bn__qwen2572b__r3 valid=True choice=A retries=0
2026-07-05T20:59:44+06:00  [19/45] ca_003__en__qwen2572b__r1 valid=True choice=C retries=0
2026-07-05T20:59:49+06:00  [20/45] ca_003__en__qwen2572b__r2 valid=True choice=A retries=0
2026-07-05T20:59:54+06:00  [21/45] ca_003__en__qwen2572b__r3 valid=True choice=A retries=0
2026-07-05T21:00:00+06:00  [22/45] ca_003__id__qwen2572b__r1 valid=True choice=B retries=0
2026-07-05T21:00:06+06:00  [23/45] ca_003__id__qwen2572b__r2 valid=True choice=B retries=0
2026-07-05T21:00:13+06:00  [24/45] ca_003__id__qwen2572b__r3 valid=True choice=B retries=0
2026-07-05T21:00:28+06:00  [25/45] ca_003__bn__qwen2572b__r1 valid=True choice=A retries=0
2026-07-05T21:00:46+06:00  [26/45] ca_003__bn__qwen2572b__r2 valid=True choice=A retries=0
2026-07-05T21:01:10+06:00  [27/45] ca_003__bn__qwen2572b__r3 valid=True choice=A retries=0
2026-07-05T21:01:16+06:00  [28/45] ca_004__en__qwen2572b__r1 valid=True choice=A retries=0
2026-07-05T21:01:23+06:00  [29/45] ca_004__en__qwen2572b__r2 valid=True choice=A retries=0
2026-07-05T21:01:31+06:00  [30/45] ca_004__en__qwen2572b__r3 valid=True choice=A retries=0
2026-07-05T21:01:40+06:00  [31/45] ca_004__id__qwen2572b__r1 valid=True choice=A retries=0
2026-07-05T21:01:50+06:00  [32/45] ca_004__id__qwen2572b__r2 valid=True choice=A retries=0
2026-07-05T21:02:00+06:00  [33/45] ca_004__id__qwen2572b__r3 valid=True choice=A retries=0
2026-07-05T21:02:29+06:00  [34/45] ca_004__bn__qwen2572b__r1 valid=True choice=A retries=0
2026-07-05T21:02:56+06:00  [35/45] ca_004__bn__qwen2572b__r2 valid=True choice=A retries=0
2026-07-05T21:03:24+06:00  [36/45] ca_004__bn__qwen2572b__r3 valid=True choice=A retries=0
2026-07-05T21:03:35+06:00  [37/45] ca_005__en__qwen2572b__r1 valid=True choice=D retries=0
2026-07-05T21:03:45+06:00  [38/45] ca_005__en__qwen2572b__r2 valid=True choice=D retries=0
2026-07-05T21:03:52+06:00  [39/45] ca_005__en__qwen2572b__r3 valid=True choice=D retries=0
2026-07-05T21:04:00+06:00  [40/45] ca_005__id__qwen2572b__r1 valid=True choice=D retries=0
2026-07-05T21:04:11+06:00  [41/45] ca_005__id__qwen2572b__r2 valid=True choice=D retries=0
2026-07-05T21:04:20+06:00  [42/45] ca_005__id__qwen2572b__r3 valid=True choice=D retries=0
2026-07-05T21:04:59+06:00  [43/45] ca_005__bn__qwen2572b__r1 valid=True choice=D retries=0
2026-07-05T21:05:36+06:00  [44/45] ca_005__bn__qwen2572b__r2 valid=True choice=D retries=0
2026-07-05T21:06:21+06:00  [45/45] ca_005__bn__qwen2572b__r3 valid=True choice=D retries=0
2026-07-05T21:06:21+06:00  === PILOT done ===
2026-07-05T21:30:23+06:00  === PREFLIGHT ===
2026-07-05T21:30:25+06:00  [open    ] requested 'CraftX Qwen2.5 72B Instruct' -> echoed 'CraftX Qwen2.5 72B Instruct'
2026-07-05T21:30:28+06:00  [frontier] requested 'Kimi K2 Instruct' -> echoed 'Kimi K2 Instruct'
2026-07-05T21:30:30+06:00  [reasoning] requested 'CraftX Qwen3 235B A22B Thinking 2507' -> echoed 'CraftX Qwen3 235B A22B Thinking 2507'
2026-07-05T21:30:30+06:00  preflight OK: all three model ids resolve.
2026-07-05T21:30:30+06:00  === PROBE: 6 runs total, 45 already done, 6 to run => ~12 model calls (2 phases each) ===
2026-07-05T21:31:26+06:00  [1/6] ca_001__en__qwen3think__r1 valid=True choice=A retries=0
2026-07-05T21:32:33+06:00  [2/6] ca_001__bn__qwen3think__r1 valid=True choice=D retries=0
2026-07-05T21:32:59+06:00  [3/6] ca_002__en__qwen3think__r1 valid=True choice=D retries=0
2026-07-05T21:33:49+06:00  [4/6] ca_002__bn__qwen3think__r1 valid=True choice=D retries=0
2026-07-05T21:34:16+06:00  [5/6] ca_003__en__qwen3think__r1 valid=True choice=C retries=0
2026-07-05T21:34:52+06:00  [6/6] ca_003__bn__qwen3think__r1 valid=True choice=C retries=0
2026-07-05T21:34:52+06:00  === PROBE done ===
2026-07-05T22:53:16+06:00  === PREFLIGHT ===
2026-07-05T22:53:30+06:00  [open    ] requested 'CraftX Qwen2.5 72B Instruct' -> echoed 'CraftX Qwen2.5 72B Instruct'
2026-07-05T22:53:31+06:00  [frontier] requested 'Kimi K2 Instruct' -> echoed 'Kimi K2 Instruct'
2026-07-05T22:53:32+06:00  [reasoning] requested 'CraftX Qwen3 235B A22B Thinking 2507' -> echoed 'CraftX Qwen3 235B A22B Thinking 2507'
2026-07-05T22:53:32+06:00  preflight OK: all three model ids resolve.
2026-07-05T22:53:32+06:00  === PROBE: 6 runs total, 45 already done, 6 to run => ~12 model calls (2 phases each) ===
2026-07-05T22:54:22+06:00  [1/6] ca_001__en__qwen3think__r1 valid=True choice=A retries=0
2026-07-05T22:57:32+06:00  [2/6] ca_001__bn__qwen3think__r1 valid=True choice=D retries=0
2026-07-05T22:57:51+06:00  [3/6] ca_002__en__qwen3think__r1 valid=True choice=D retries=0
2026-07-05T22:58:17+06:00  [4/6] ca_002__bn__qwen3think__r1 valid=True choice=D retries=0
2026-07-05T22:58:37+06:00  [5/6] ca_003__en__qwen3think__r1 valid=True choice=C retries=0
2026-07-05T22:58:56+06:00  [6/6] ca_003__bn__qwen3think__r1 valid=True choice=C retries=0
2026-07-05T22:58:56+06:00  === PROBE done ===
2026-07-05T23:36:35+06:00  === PREFLIGHT ===
2026-07-05T23:37:00+06:00  [open    ] requested 'CraftX Qwen2.5 72B Instruct' -> echoed 'CraftX Qwen2.5 72B Instruct'
2026-07-05T23:37:01+06:00  [frontier] requested 'Kimi K2 Instruct' -> echoed 'Kimi K2 Instruct'
2026-07-05T23:37:02+06:00  [reasoning] requested 'CraftX Qwen3 235B A22B Thinking 2507' -> echoed 'CraftX Qwen3 235B A22B Thinking 2507'
2026-07-05T23:37:02+06:00  preflight OK: all three model ids resolve.
2026-07-05T23:37:02+06:00  === FULL: 351 runs total, 51 already done, 306 to run => ~612 model calls (2 phases each) ===
2026-07-05T23:37:16+06:00  [1/306] ca_006__en__qwen2572b__r1 valid=True choice=B retries=0
2026-07-05T23:37:22+06:00  [2/306] ca_006__en__qwen2572b__r2 valid=True choice=B retries=0
2026-07-05T23:37:27+06:00  [3/306] ca_006__en__qwen2572b__r3 valid=True choice=B retries=0
2026-07-05T23:37:34+06:00  [4/306] ca_006__id__qwen2572b__r1 valid=True choice=B retries=0
2026-07-05T23:37:40+06:00  [5/306] ca_006__id__qwen2572b__r2 valid=True choice=A retries=0
2026-07-05T23:37:47+06:00  [6/306] ca_006__id__qwen2572b__r3 valid=True choice=C retries=0
2026-07-05T23:38:02+06:00  [7/306] ca_006__bn__qwen2572b__r1 valid=True choice=B retries=0
2026-07-05T23:38:19+06:00  [8/306] ca_006__bn__qwen2572b__r2 valid=True choice=B retries=0
2026-07-05T23:38:35+06:00  [9/306] ca_006__bn__qwen2572b__r3 valid=True choice=B retries=0
2026-07-05T23:38:40+06:00  [10/306] ca_007__en__qwen2572b__r1 valid=True choice=B retries=0
2026-07-05T23:38:45+06:00  [11/306] ca_007__en__qwen2572b__r2 valid=True choice=B retries=0
2026-07-05T23:38:49+06:00  [12/306] ca_007__en__qwen2572b__r3 valid=True choice=B retries=0
2026-07-05T23:38:56+06:00  [13/306] ca_007__id__qwen2572b__r1 valid=True choice=B retries=0
2026-07-05T23:39:05+06:00  [14/306] ca_007__id__qwen2572b__r2 valid=True choice=B retries=0
2026-07-05T23:39:15+06:00  [15/306] ca_007__id__qwen2572b__r3 valid=True choice=B retries=0
2026-07-05T23:39:40+06:00  [16/306] ca_007__bn__qwen2572b__r1 valid=True choice=B retries=0
2026-07-05T23:40:28+06:00  [17/306] ca_007__bn__qwen2572b__r2 valid=True choice=B retries=0
2026-07-05T23:41:10+06:00  [18/306] ca_007__bn__qwen2572b__r3 valid=True choice=D retries=0
2026-07-05T23:41:14+06:00  [19/306] ca_008__en__qwen2572b__r1 valid=True choice=A retries=0
2026-07-05T23:41:21+06:00  [20/306] ca_008__en__qwen2572b__r2 valid=True choice=A retries=0
2026-07-05T23:41:26+06:00  [21/306] ca_008__en__qwen2572b__r3 valid=True choice=A retries=0
2026-07-05T23:41:34+06:00  [22/306] ca_008__id__qwen2572b__r1 valid=True choice=A retries=0
2026-07-05T23:41:40+06:00  [23/306] ca_008__id__qwen2572b__r2 valid=True choice=A retries=0
2026-07-05T23:41:47+06:00  [24/306] ca_008__id__qwen2572b__r3 valid=True choice=A retries=0
2026-07-05T23:42:04+06:00  [25/306] ca_008__bn__qwen2572b__r1 valid=True choice=A retries=0
2026-07-05T23:42:22+06:00  [26/306] ca_008__bn__qwen2572b__r2 valid=True choice=A retries=0
2026-07-05T23:42:42+06:00  [27/306] ca_008__bn__qwen2572b__r3 valid=True choice=A retries=0
2026-07-05T23:42:46+06:00  [28/306] ca_009__en__qwen2572b__r1 valid=True choice=A retries=0
2026-07-05T23:42:50+06:00  [29/306] ca_009__en__qwen2572b__r2 valid=True choice=A retries=0
2026-07-05T23:42:56+06:00  [30/306] ca_009__en__qwen2572b__r3 valid=True choice=A retries=0
2026-07-05T23:43:04+06:00  [31/306] ca_009__id__qwen2572b__r1 valid=True choice=A retries=0
2026-07-05T23:43:10+06:00  [32/306] ca_009__id__qwen2572b__r2 valid=True choice=A retries=0
2026-07-05T23:43:17+06:00  [33/306] ca_009__id__qwen2572b__r3 valid=True choice=A retries=0
2026-07-05T23:43:38+06:00  [34/306] ca_009__bn__qwen2572b__r1 valid=True choice=B retries=0
2026-07-05T23:43:56+06:00  [35/306] ca_009__bn__qwen2572b__r2 valid=True choice=B retries=0
2026-07-05T23:44:19+06:00  [36/306] ca_009__bn__qwen2572b__r3 valid=True choice=A retries=0
2026-07-05T23:44:24+06:00  [37/306] ca_010__en__qwen2572b__r1 valid=True choice=C retries=0
2026-07-05T23:44:30+06:00  [38/306] ca_010__en__qwen2572b__r2 valid=True choice=B retries=0
2026-07-05T23:44:36+06:00  [39/306] ca_010__en__qwen2572b__r3 valid=True choice=C retries=0
2026-07-05T23:44:44+06:00  [40/306] ca_010__id__qwen2572b__r1 valid=True choice=B retries=0
2026-07-05T23:44:53+06:00  [41/306] ca_010__id__qwen2572b__r2 valid=True choice=B retries=0
2026-07-05T23:45:01+06:00  [42/306] ca_010__id__qwen2572b__r3 valid=True choice=B retries=0
2026-07-05T23:45:28+06:00  [43/306] ca_010__bn__qwen2572b__r1 valid=True choice=B retries=0
2026-07-05T23:45:50+06:00  [44/306] ca_010__bn__qwen2572b__r2 valid=True choice=B retries=0
2026-07-05T23:46:16+06:00  [45/306] ca_010__bn__qwen2572b__r3 valid=True choice=B retries=0
2026-07-05T23:46:32+06:00  [46/306] ca_011__en__qwen2572b__r1 valid=True choice=A retries=0
2026-07-05T23:46:52+06:00  [47/306] ca_011__en__qwen2572b__r2 valid=True choice=A retries=0
2026-07-05T23:47:10+06:00  [48/306] ca_011__en__qwen2572b__r3 valid=True choice=B retries=0
2026-07-05T23:47:29+06:00  [49/306] ca_011__id__qwen2572b__r1 valid=True choice=A retries=0
2026-07-05T23:47:50+06:00  [50/306] ca_011__id__qwen2572b__r2 valid=True choice=B retries=0
2026-07-05T23:48:13+06:00  [51/306] ca_011__id__qwen2572b__r3 valid=True choice=A retries=0
2026-07-05T23:48:58+06:00  [52/306] ca_011__bn__qwen2572b__r1 valid=True choice=A retries=0
2026-07-05T23:49:36+06:00  [53/306] ca_011__bn__qwen2572b__r2 valid=True choice=B retries=0
2026-07-05T23:50:08+06:00  [54/306] ca_011__bn__qwen2572b__r3 valid=True choice=B retries=0
2026-07-05T23:50:19+06:00  [55/306] ca_012__en__qwen2572b__r1 valid=True choice=A retries=0
2026-07-05T23:50:24+06:00  [56/306] ca_012__en__qwen2572b__r2 valid=True choice=A retries=0
2026-07-05T23:50:30+06:00  [57/306] ca_012__en__qwen2572b__r3 valid=True choice=A retries=0
2026-07-05T23:50:38+06:00  [58/306] ca_012__id__qwen2572b__r1 valid=True choice=A retries=0
2026-07-05T23:50:47+06:00  [59/306] ca_012__id__qwen2572b__r2 valid=True choice=C retries=0
2026-07-05T23:51:26+06:00  [60/306] ca_012__id__qwen2572b__r3 valid=True choice=C retries=0
2026-07-05T23:52:12+06:00  [61/306] ca_012__bn__qwen2572b__r1 valid=True choice=C retries=0
2026-07-05T23:52:34+06:00  [62/306] ca_012__bn__qwen2572b__r2 valid=True choice=C retries=0
2026-07-05T23:52:58+06:00  [63/306] ca_012__bn__qwen2572b__r3 valid=True choice=C retries=0
2026-07-05T23:53:03+06:00  [64/306] ca_013__en__qwen2572b__r1 valid=True choice=D retries=0
2026-07-05T23:53:07+06:00  [65/306] ca_013__en__qwen2572b__r2 valid=True choice=D retries=0
2026-07-05T23:53:13+06:00  [66/306] ca_013__en__qwen2572b__r3 valid=True choice=C retries=0
2026-07-05T23:53:20+06:00  [67/306] ca_013__id__qwen2572b__r1 valid=True choice=D retries=0
2026-07-05T23:53:31+06:00  [68/306] ca_013__id__qwen2572b__r2 valid=True choice=D retries=0
2026-07-05T23:53:38+06:00  [69/306] ca_013__id__qwen2572b__r3 valid=True choice=C retries=0
2026-07-05T23:53:54+06:00  [70/306] ca_013__bn__qwen2572b__r1 valid=True choice=D retries=0
2026-07-05T23:54:11+06:00  [71/306] ca_013__bn__qwen2572b__r2 valid=True choice=D retries=0
2026-07-05T23:54:37+06:00  [72/306] ca_013__bn__qwen2572b__r3 valid=True choice=C retries=0
2026-07-05T23:54:42+06:00  [73/306] ca_014__en__qwen2572b__r1 valid=True choice=B retries=0
2026-07-05T23:54:51+06:00  [74/306] ca_014__en__qwen2572b__r2 valid=True choice=C retries=0
2026-07-05T23:55:37+06:00  [75/306] ca_014__en__qwen2572b__r3 valid=True choice=A retries=0
2026-07-05T23:56:22+06:00  [76/306] ca_014__id__qwen2572b__r1 valid=True choice=B retries=0
2026-07-05T23:56:29+06:00  [77/306] ca_014__id__qwen2572b__r2 valid=True choice=C retries=0
2026-07-05T23:56:36+06:00  [78/306] ca_014__id__qwen2572b__r3 valid=True choice=A retries=0
2026-07-05T23:56:51+06:00  [79/306] ca_014__bn__qwen2572b__r1 valid=True choice=A retries=0
2026-07-05T23:57:13+06:00  [80/306] ca_014__bn__qwen2572b__r2 valid=True choice=C retries=0
2026-07-05T23:57:34+06:00  [81/306] ca_014__bn__qwen2572b__r3 valid=True choice=A retries=0
2026-07-05T23:57:39+06:00  [82/306] ca_015__en__qwen2572b__r1 valid=True choice=A retries=0
2026-07-05T23:57:44+06:00  [83/306] ca_015__en__qwen2572b__r2 valid=True choice=A retries=0
2026-07-05T23:57:49+06:00  [84/306] ca_015__en__qwen2572b__r3 valid=True choice=D retries=0
2026-07-05T23:57:57+06:00  [85/306] ca_015__id__qwen2572b__r1 valid=True choice=A retries=0
2026-07-05T23:58:05+06:00  [86/306] ca_015__id__qwen2572b__r2 valid=True choice=B retries=0
2026-07-05T23:58:15+06:00  [87/306] ca_015__id__qwen2572b__r3 valid=True choice=B retries=0
2026-07-05T23:58:43+06:00  [88/306] ca_015__bn__qwen2572b__r1 valid=True choice=A retries=0
2026-07-05T23:59:05+06:00  [89/306] ca_015__bn__qwen2572b__r2 valid=True choice=A retries=0
2026-07-05T23:59:36+06:00  [90/306] ca_015__bn__qwen2572b__r3 valid=True choice=A retries=0
2026-07-05T23:59:41+06:00  [91/306] ca_016__en__qwen2572b__r1 valid=True choice=D retries=0
2026-07-05T23:59:45+06:00  [92/306] ca_016__en__qwen2572b__r2 valid=True choice=D retries=0
2026-07-05T23:59:51+06:00  [93/306] ca_016__en__qwen2572b__r3 valid=True choice=D retries=0
2026-07-05T23:59:56+06:00  [94/306] ca_016__id__qwen2572b__r1 valid=True choice=A retries=0
2026-07-06T00:00:02+06:00  [95/306] ca_016__id__qwen2572b__r2 valid=True choice=D retries=0
2026-07-06T00:00:12+06:00  [96/306] ca_016__id__qwen2572b__r3 valid=True choice=D retries=0
2026-07-06T00:00:41+06:00  [97/306] ca_016__bn__qwen2572b__r1 valid=True choice=A retries=0
2026-07-06T00:01:01+06:00  [98/306] ca_016__bn__qwen2572b__r2 valid=True choice=A retries=0
2026-07-06T00:01:39+06:00  [99/306] ca_016__bn__qwen2572b__r3 valid=True choice=B retries=0
2026-07-06T00:01:55+06:00  [100/306] ca_017__en__qwen2572b__r1 valid=True choice=A retries=0
2026-07-06T00:02:17+06:00  [101/306] ca_017__en__qwen2572b__r2 valid=True choice=B retries=0
2026-07-06T00:02:58+06:00  [102/306] ca_017__en__qwen2572b__r3 valid=True choice=A retries=0
2026-07-06T00:03:21+06:00  [103/306] ca_017__id__qwen2572b__r1 valid=True choice=A retries=0
2026-07-06T00:03:46+06:00  [104/306] ca_017__id__qwen2572b__r2 valid=True choice=A retries=0
2026-07-06T00:04:11+06:00  [105/306] ca_017__id__qwen2572b__r3 valid=True choice=A retries=0
2026-07-06T00:04:55+06:00  [106/306] ca_017__bn__qwen2572b__r1 valid=True choice=A retries=0
2026-07-06T00:05:33+06:00  [107/306] ca_017__bn__qwen2572b__r2 valid=True choice=B retries=0
2026-07-06T00:06:16+06:00  [108/306] ca_017__bn__qwen2572b__r3 valid=True choice=A retries=0
2026-07-06T00:06:26+06:00  [109/306] ca_018__en__qwen2572b__r1 valid=True choice=B retries=0
2026-07-06T00:06:35+06:00  [110/306] ca_018__en__qwen2572b__r2 valid=True choice=B retries=0
2026-07-06T00:06:49+06:00  [111/306] ca_018__en__qwen2572b__r3 valid=True choice=A retries=0
2026-07-06T00:07:07+06:00  [112/306] ca_018__id__qwen2572b__r1 valid=True choice=B retries=0
2026-07-06T00:07:23+06:00  [113/306] ca_018__id__qwen2572b__r2 valid=True choice=B retries=0
2026-07-06T00:07:40+06:00  [114/306] ca_018__id__qwen2572b__r3 valid=True choice=B retries=0
2026-07-06T00:08:15+06:00  [115/306] ca_018__bn__qwen2572b__r1 valid=True choice=B retries=0
2026-07-06T00:08:49+06:00  [116/306] ca_018__bn__qwen2572b__r2 valid=True choice=B retries=0
2026-07-06T00:10:00+06:00  [117/306] ca_018__bn__qwen2572b__r3 valid=True choice=B retries=0
2026-07-06T00:10:20+06:00  [118/306] ca_019__en__qwen2572b__r1 valid=True choice=A retries=0
2026-07-06T00:10:31+06:00  [119/306] ca_019__en__qwen2572b__r2 valid=True choice=A retries=0
2026-07-06T00:10:38+06:00  [120/306] ca_019__en__qwen2572b__r3 valid=True choice=D retries=0
2026-07-06T00:10:51+06:00  [121/306] ca_019__id__qwen2572b__r1 valid=True choice=A retries=0
2026-07-06T00:11:00+06:00  [122/306] ca_019__id__qwen2572b__r2 valid=True choice=A retries=0
2026-07-06T00:11:13+06:00  [123/306] ca_019__id__qwen2572b__r3 valid=True choice=A retries=0
2026-07-06T00:11:45+06:00  [124/306] ca_019__bn__qwen2572b__r1 valid=True choice=D retries=0
2026-07-06T00:12:34+06:00  [125/306] ca_019__bn__qwen2572b__r2 valid=True choice=A retries=0
2026-07-06T00:13:06+06:00  [126/306] ca_019__bn__qwen2572b__r3 valid=True choice=D retries=0
2026-07-06T00:13:20+06:00  [127/306] ca_020__en__qwen2572b__r1 valid=True choice=A retries=0
2026-07-06T00:13:31+06:00  [128/306] ca_020__en__qwen2572b__r2 valid=True choice=A retries=0
2026-07-06T00:13:36+06:00  [129/306] ca_020__en__qwen2572b__r3 valid=True choice=A retries=0
2026-07-06T00:13:44+06:00  [130/306] ca_020__id__qwen2572b__r1 valid=True choice=A retries=0
2026-07-06T00:13:54+06:00  [131/306] ca_020__id__qwen2572b__r2 valid=True choice=A retries=0
2026-07-06T00:14:02+06:00  [132/306] ca_020__id__qwen2572b__r3 valid=True choice=B retries=0
2026-07-06T00:14:33+06:00  [133/306] ca_020__bn__qwen2572b__r1 valid=True choice=A retries=0
2026-07-06T00:15:32+06:00  [134/306] ca_020__bn__qwen2572b__r2 valid=True choice=B retries=0
2026-07-06T00:16:18+06:00  [135/306] ca_020__bn__qwen2572b__r3 valid=True choice=B retries=0
2026-07-06T00:16:25+06:00  [136/306] ca_021__en__qwen2572b__r1 valid=True choice=A retries=0
2026-07-06T00:16:34+06:00  [137/306] ca_021__en__qwen2572b__r2 valid=True choice=A retries=0
2026-07-06T00:16:43+06:00  [138/306] ca_021__en__qwen2572b__r3 valid=True choice=A retries=0
2026-07-06T00:16:53+06:00  [139/306] ca_021__id__qwen2572b__r1 valid=True choice=B retries=0
2026-07-06T00:17:03+06:00  [140/306] ca_021__id__qwen2572b__r2 valid=True choice=A retries=0
2026-07-06T00:17:12+06:00  [141/306] ca_021__id__qwen2572b__r3 valid=True choice=A retries=0
2026-07-06T00:17:45+06:00  [142/306] ca_021__bn__qwen2572b__r1 valid=True choice=A retries=0
2026-07-06T00:18:37+06:00  [143/306] ca_021__bn__qwen2572b__r2 valid=True choice=A retries=0
2026-07-06T00:19:43+06:00  [144/306] ca_021__bn__qwen2572b__r3 valid=True choice=A retries=0
2026-07-06T00:19:55+06:00  [145/306] ca_022__en__qwen2572b__r1 valid=True choice=D retries=0
2026-07-06T00:20:00+06:00  [146/306] ca_022__en__qwen2572b__r2 valid=True choice=B retries=0
2026-07-06T00:20:11+06:00  [147/306] ca_022__en__qwen2572b__r3 valid=True choice=D retries=0
2026-07-06T00:20:21+06:00  [148/306] ca_022__id__qwen2572b__r1 valid=True choice=B retries=0
2026-07-06T00:20:32+06:00  [149/306] ca_022__id__qwen2572b__r2 valid=True choice=B retries=0
2026-07-06T00:20:39+06:00  [150/306] ca_022__id__qwen2572b__r3 valid=True choice=A retries=0
2026-07-06T00:21:04+06:00  [151/306] ca_022__bn__qwen2572b__r1 valid=True choice=A retries=0
2026-07-06T00:21:39+06:00  [152/306] ca_022__bn__qwen2572b__r2 valid=True choice=A retries=0
2026-07-06T00:22:34+06:00  [153/306] ca_022__bn__qwen2572b__r3 valid=True choice=A retries=0
2026-07-06T00:23:12+06:00  [154/306] ca_023__en__qwen2572b__r1 valid=True choice=B retries=0
2026-07-06T00:23:23+06:00  [155/306] ca_023__en__qwen2572b__r2 valid=True choice=B retries=0
2026-07-06T00:23:32+06:00  [156/306] ca_023__en__qwen2572b__r3 valid=True choice=B retries=0
2026-07-06T00:23:40+06:00  [157/306] ca_023__id__qwen2572b__r1 valid=True choice=B retries=0
2026-07-06T00:23:51+06:00  [158/306] ca_023__id__qwen2572b__r2 valid=True choice=A retries=0
2026-07-06T00:24:00+06:00  [159/306] ca_023__id__qwen2572b__r3 valid=True choice=B retries=0
2026-07-06T00:24:35+06:00  [160/306] ca_023__bn__qwen2572b__r1 valid=True choice=A retries=0
2026-07-06T00:25:26+06:00  [161/306] ca_023__bn__qwen2572b__r2 valid=True choice=A retries=0
2026-07-06T00:26:24+06:00  [162/306] ca_023__bn__qwen2572b__r3 valid=True choice=A retries=0
2026-07-06T00:26:32+06:00  [163/306] ca_024__en__qwen2572b__r1 valid=True choice=A retries=0
2026-07-06T00:26:41+06:00  [164/306] ca_024__en__qwen2572b__r2 valid=True choice=A retries=0
2026-07-06T00:26:47+06:00  [165/306] ca_024__en__qwen2572b__r3 valid=True choice=A retries=0
2026-07-06T00:26:56+06:00  [166/306] ca_024__id__qwen2572b__r1 valid=True choice=A retries=0
2026-07-06T00:27:09+06:00  [167/306] ca_024__id__qwen2572b__r2 valid=True choice=A retries=0
2026-07-06T00:27:18+06:00  [168/306] ca_024__id__qwen2572b__r3 valid=True choice=A retries=0
2026-07-06T00:27:46+06:00  [169/306] ca_024__bn__qwen2572b__r1 valid=True choice=A retries=0
2026-07-06T00:28:21+06:00  [170/306] ca_024__bn__qwen2572b__r2 valid=True choice=A retries=0
2026-07-06T00:28:45+06:00  [171/306] ca_024__bn__qwen2572b__r3 valid=True choice=B retries=0
2026-07-06T00:28:52+06:00  [172/306] ca_025__en__qwen2572b__r1 valid=True choice=B retries=0
2026-07-06T00:28:58+06:00  [173/306] ca_025__en__qwen2572b__r2 valid=True choice=B retries=0
2026-07-06T00:29:04+06:00  [174/306] ca_025__en__qwen2572b__r3 valid=True choice=B retries=0
2026-07-06T00:29:13+06:00  [175/306] ca_025__id__qwen2572b__r1 valid=True choice=B retries=0
2026-07-06T00:29:25+06:00  [176/306] ca_025__id__qwen2572b__r2 valid=True choice=B retries=0
2026-07-06T00:29:34+06:00  [177/306] ca_025__id__qwen2572b__r3 valid=True choice=B retries=0
2026-07-06T00:30:31+06:00  [178/306] ca_025__bn__qwen2572b__r1 valid=True choice=B retries=0
2026-07-06T00:31:36+06:00  [179/306] ca_025__bn__qwen2572b__r2 valid=True choice=B retries=0
2026-07-06T00:32:16+06:00  [180/306] ca_025__bn__qwen2572b__r3 valid=True choice=B retries=0
2026-07-06T00:32:22+06:00  [181/306] ca_026__en__qwen2572b__r1 valid=True choice=A retries=0
2026-07-06T00:32:29+06:00  [182/306] ca_026__en__qwen2572b__r2 valid=True choice=A retries=0
2026-07-06T00:32:38+06:00  [183/306] ca_026__en__qwen2572b__r3 valid=True choice=A retries=0
2026-07-06T00:32:45+06:00  [184/306] ca_026__id__qwen2572b__r1 valid=True choice=A retries=0
2026-07-06T00:32:57+06:00  [185/306] ca_026__id__qwen2572b__r2 valid=True choice=A retries=0
2026-07-06T00:33:05+06:00  [186/306] ca_026__id__qwen2572b__r3 valid=True choice=A retries=0
2026-07-06T00:33:34+06:00  [187/306] ca_026__bn__qwen2572b__r1 valid=True choice=B retries=0
2026-07-06T00:34:30+06:00  [188/306] ca_026__bn__qwen2572b__r2 valid=True choice=B retries=0
2026-07-06T00:35:21+06:00  [189/306] ca_026__bn__qwen2572b__r3 valid=True choice=B retries=0
2026-07-06T00:35:29+06:00  [190/306] ca_027__en__qwen2572b__r1 valid=True choice=B retries=0
2026-07-06T00:35:38+06:00  [191/306] ca_027__en__qwen2572b__r2 valid=True choice=B retries=0
2026-07-06T00:35:44+06:00  [192/306] ca_027__en__qwen2572b__r3 valid=True choice=B retries=0
2026-07-06T00:35:54+06:00  [193/306] ca_027__id__qwen2572b__r1 valid=True choice=B retries=0
2026-07-06T00:36:03+06:00  [194/306] ca_027__id__qwen2572b__r2 valid=True choice=B retries=0
2026-07-06T00:36:13+06:00  [195/306] ca_027__id__qwen2572b__r3 valid=True choice=B retries=0
2026-07-06T00:36:37+06:00  [196/306] ca_027__bn__qwen2572b__r1 valid=True choice=B retries=0
2026-07-06T00:37:03+06:00  [197/306] ca_027__bn__qwen2572b__r2 valid=True choice=A retries=0
2026-07-06T00:37:26+06:00  [198/306] ca_027__bn__qwen2572b__r3 valid=True choice=B retries=0
2026-07-06T00:37:32+06:00  [199/306] ca_028__en__qwen2572b__r1 valid=True choice=A retries=0
2026-07-06T00:37:40+06:00  [200/306] ca_028__en__qwen2572b__r2 valid=True choice=A retries=0
2026-07-06T00:37:46+06:00  [201/306] ca_028__en__qwen2572b__r3 valid=True choice=A retries=0
2026-07-06T00:37:53+06:00  [202/306] ca_028__id__qwen2572b__r1 valid=True choice=A retries=0
2026-07-06T00:38:02+06:00  [203/306] ca_028__id__qwen2572b__r2 valid=True choice=A retries=0
2026-07-06T00:38:09+06:00  [204/306] ca_028__id__qwen2572b__r3 valid=True choice=A retries=0
2026-07-06T00:38:39+06:00  [205/306] ca_028__bn__qwen2572b__r1 valid=True choice=A retries=0
2026-07-06T00:39:06+06:00  [206/306] ca_028__bn__qwen2572b__r2 valid=True choice=A retries=0
2026-07-06T00:39:28+06:00  [207/306] ca_028__bn__qwen2572b__r3 valid=True choice=A retries=0
2026-07-06T00:39:33+06:00  [208/306] ca_029__en__qwen2572b__r1 valid=True choice=B retries=0
2026-07-06T00:39:38+06:00  [209/306] ca_029__en__qwen2572b__r2 valid=True choice=D retries=0
2026-07-06T00:39:43+06:00  [210/306] ca_029__en__qwen2572b__r3 valid=True choice=B retries=0
2026-07-06T00:39:51+06:00  [211/306] ca_029__id__qwen2572b__r1 valid=True choice=B retries=0
2026-07-06T00:40:47+06:00  [212/306] ca_029__id__qwen2572b__r2 valid=True choice=B retries=0
2026-07-06T00:41:14+06:00  [213/306] ca_029__id__qwen2572b__r3 valid=True choice=B retries=0
2026-07-06T00:41:49+06:00  [214/306] ca_029__bn__qwen2572b__r1 valid=True choice=B retries=0
2026-07-06T00:42:12+06:00  [215/306] ca_029__bn__qwen2572b__r2 valid=True choice=D retries=0
2026-07-06T00:42:35+06:00  [216/306] ca_029__bn__qwen2572b__r3 valid=True choice=A retries=0
2026-07-06T00:42:42+06:00  [217/306] ca_030__en__qwen2572b__r1 valid=True choice=D retries=0
2026-07-06T00:42:50+06:00  [218/306] ca_030__en__qwen2572b__r2 valid=True choice=B retries=0
2026-07-06T00:43:49+06:00  [219/306] ca_030__en__qwen2572b__r3 valid=True choice=D retries=0
2026-07-06T00:44:18+06:00  [220/306] ca_030__id__qwen2572b__r1 valid=True choice=D retries=0
2026-07-06T00:44:25+06:00  [221/306] ca_030__id__qwen2572b__r2 valid=True choice=D retries=0
2026-07-06T00:44:32+06:00  [222/306] ca_030__id__qwen2572b__r3 valid=True choice=D retries=0
2026-07-06T00:44:59+06:00  [223/306] ca_030__bn__qwen2572b__r1 valid=True choice=D retries=0
2026-07-06T00:45:25+06:00  [224/306] ca_030__bn__qwen2572b__r2 valid=True choice=B retries=0
2026-07-06T00:45:50+06:00  [225/306] ca_030__bn__qwen2572b__r3 valid=True choice=D retries=0
2026-07-06T00:46:44+06:00  [226/306] ca_031__en__qwen2572b__r1 valid=True choice=A retries=0
2026-07-06T00:47:15+06:00  [227/306] ca_031__en__qwen2572b__r2 valid=True choice=A retries=0
2026-07-06T00:47:21+06:00  [228/306] ca_031__en__qwen2572b__r3 valid=True choice=A retries=0
2026-07-06T00:47:31+06:00  [229/306] ca_031__id__qwen2572b__r1 valid=True choice=A retries=0
2026-07-06T00:47:38+06:00  [230/306] ca_031__id__qwen2572b__r2 valid=True choice=A retries=0
2026-07-06T00:47:47+06:00  [231/306] ca_031__id__qwen2572b__r3 valid=True choice=B retries=0
2026-07-06T00:48:02+06:00  [232/306] ca_031__bn__qwen2572b__r1 valid=True choice=A retries=0
2026-07-06T00:48:19+06:00  [233/306] ca_031__bn__qwen2572b__r2 valid=True choice=A retries=0
2026-07-06T00:48:35+06:00  [234/306] ca_031__bn__qwen2572b__r3 valid=True choice=A retries=0
2026-07-06T00:48:41+06:00  [235/306] ca_032__en__qwen2572b__r1 valid=True choice=D retries=0
2026-07-06T00:48:46+06:00  [236/306] ca_032__en__qwen2572b__r2 valid=True choice=B retries=0
2026-07-06T00:48:54+06:00  [237/306] ca_032__en__qwen2572b__r3 valid=True choice=B retries=0
2026-07-06T00:49:01+06:00  [238/306] ca_032__id__qwen2572b__r1 valid=True choice=B retries=0
2026-07-06T00:49:10+06:00  [239/306] ca_032__id__qwen2572b__r2 valid=True choice=B retries=0
2026-07-06T00:49:17+06:00  [240/306] ca_032__id__qwen2572b__r3 valid=True choice=B retries=0
2026-07-06T00:49:38+06:00  [241/306] ca_032__bn__qwen2572b__r1 valid=True choice=B retries=0
2026-07-06T00:49:58+06:00  [242/306] ca_032__bn__qwen2572b__r2 valid=True choice=D retries=0
2026-07-06T00:50:22+06:00  [243/306] ca_032__bn__qwen2572b__r3 valid=True choice=B retries=0
2026-07-06T00:50:28+06:00  [244/306] ca_033__en__qwen2572b__r1 valid=True choice=B retries=0
2026-07-06T00:50:34+06:00  [245/306] ca_033__en__qwen2572b__r2 valid=True choice=B retries=0
2026-07-06T00:50:40+06:00  [246/306] ca_033__en__qwen2572b__r3 valid=True choice=B retries=0
2026-07-06T00:50:51+06:00  [247/306] ca_033__id__qwen2572b__r1 valid=True choice=B retries=0
2026-07-06T00:50:59+06:00  [248/306] ca_033__id__qwen2572b__r2 valid=True choice=B retries=0
2026-07-06T00:51:09+06:00  [249/306] ca_033__id__qwen2572b__r3 valid=True choice=B retries=0
2026-07-06T00:51:35+06:00  [250/306] ca_033__bn__qwen2572b__r1 valid=True choice=B retries=0
2026-07-06T00:51:54+06:00  [251/306] ca_033__bn__qwen2572b__r2 valid=True choice=B retries=0
2026-07-06T00:52:09+06:00  [252/306] ca_033__bn__qwen2572b__r3 valid=True choice=B retries=0
2026-07-06T00:52:15+06:00  [253/306] ca_034__en__qwen2572b__r1 valid=True choice=A retries=0
2026-07-06T00:52:21+06:00  [254/306] ca_034__en__qwen2572b__r2 valid=True choice=A retries=0
2026-07-06T00:52:27+06:00  [255/306] ca_034__en__qwen2572b__r3 valid=True choice=D retries=0
2026-07-06T00:52:33+06:00  [256/306] ca_034__id__qwen2572b__r1 valid=True choice=A retries=0
2026-07-06T00:52:44+06:00  [257/306] ca_034__id__qwen2572b__r2 valid=True choice=A retries=0
2026-07-06T00:52:53+06:00  [258/306] ca_034__id__qwen2572b__r3 valid=True choice=D retries=0
2026-07-06T00:53:19+06:00  [259/306] ca_034__bn__qwen2572b__r1 valid=True choice=A retries=0
2026-07-06T00:53:42+06:00  [260/306] ca_034__bn__qwen2572b__r2 valid=True choice=D retries=0
2026-07-06T00:54:08+06:00  [261/306] ca_034__bn__qwen2572b__r3 valid=True choice=A retries=0
2026-07-06T00:54:14+06:00  [262/306] ca_035__en__qwen2572b__r1 valid=True choice=B retries=0
2026-07-06T00:54:19+06:00  [263/306] ca_035__en__qwen2572b__r2 valid=True choice=B retries=0
2026-07-06T00:54:28+06:00  [264/306] ca_035__en__qwen2572b__r3 valid=True choice=B retries=0
2026-07-06T00:54:36+06:00  [265/306] ca_035__id__qwen2572b__r1 valid=True choice=B retries=0
2026-07-06T00:54:44+06:00  [266/306] ca_035__id__qwen2572b__r2 valid=True choice=B retries=0
2026-07-06T00:55:15+06:00  [267/306] ca_035__id__qwen2572b__r3 valid=True choice=B retries=0
2026-07-06T00:56:14+06:00  [268/306] ca_035__bn__qwen2572b__r1 valid=True choice=B retries=0
2026-07-06T00:56:38+06:00  [269/306] ca_035__bn__qwen2572b__r2 valid=True choice=B retries=0
2026-07-06T00:57:03+06:00  [270/306] ca_035__bn__qwen2572b__r3 valid=True choice=B retries=0
2026-07-06T00:57:09+06:00  [271/306] ca_036__en__qwen2572b__r1 valid=True choice=B retries=0
2026-07-06T00:57:14+06:00  [272/306] ca_036__en__qwen2572b__r2 valid=True choice=B retries=0
2026-07-06T00:57:20+06:00  [273/306] ca_036__en__qwen2572b__r3 valid=True choice=B retries=0
2026-07-06T00:57:26+06:00  [274/306] ca_036__id__qwen2572b__r1 valid=True choice=B retries=0
2026-07-06T00:57:33+06:00  [275/306] ca_036__id__qwen2572b__r2 valid=True choice=B retries=0
2026-07-06T00:57:40+06:00  [276/306] ca_036__id__qwen2572b__r3 valid=True choice=B retries=0
2026-07-06T00:58:05+06:00  [277/306] ca_036__bn__qwen2572b__r1 valid=True choice=A retries=0
2026-07-06T00:58:32+06:00  [278/306] ca_036__bn__qwen2572b__r2 valid=True choice=A retries=0
2026-07-06T00:59:21+06:00  [279/306] ca_036__bn__qwen2572b__r3 valid=True choice=A retries=0
2026-07-06T01:00:06+06:00  [280/306] ca_037__en__qwen2572b__r1 valid=True choice=B retries=0
2026-07-06T01:00:14+06:00  [281/306] ca_037__en__qwen2572b__r2 valid=True choice=B retries=0
2026-07-06T01:00:23+06:00  [282/306] ca_037__en__qwen2572b__r3 valid=True choice=A retries=0
2026-07-06T01:00:32+06:00  [283/306] ca_037__id__qwen2572b__r1 valid=True choice=A retries=0
2026-07-06T01:00:43+06:00  [284/306] ca_037__id__qwen2572b__r2 valid=True choice=A retries=0
2026-07-06T01:00:56+06:00  [285/306] ca_037__id__qwen2572b__r3 valid=True choice=A retries=0
2026-07-06T01:01:27+06:00  [286/306] ca_037__bn__qwen2572b__r1 valid=True choice=A retries=0
2026-07-06T01:01:45+06:00  [287/306] ca_037__bn__qwen2572b__r2 valid=True choice=A retries=0
2026-07-06T01:02:04+06:00  [288/306] ca_037__bn__qwen2572b__r3 valid=True choice=A retries=0
2026-07-06T01:02:11+06:00  [289/306] ca_038__en__qwen2572b__r1 valid=True choice=B retries=0
2026-07-06T01:02:21+06:00  [290/306] ca_038__en__qwen2572b__r2 valid=True choice=B retries=0
2026-07-06T01:02:26+06:00  [291/306] ca_038__en__qwen2572b__r3 valid=True choice=B retries=0
2026-07-06T01:02:37+06:00  [292/306] ca_038__id__qwen2572b__r1 valid=True choice=B retries=0
2026-07-06T01:02:46+06:00  [293/306] ca_038__id__qwen2572b__r2 valid=True choice=B retries=0
2026-07-06T01:02:55+06:00  [294/306] ca_038__id__qwen2572b__r3 valid=True choice=B retries=0
2026-07-06T01:03:14+06:00  [295/306] ca_038__bn__qwen2572b__r1 valid=True choice=B retries=0
2026-07-06T01:03:38+06:00  [296/306] ca_038__bn__qwen2572b__r2 valid=True choice=B retries=0
2026-07-06T01:04:29+06:00  [297/306] ca_038__bn__qwen2572b__r3 valid=True choice=B retries=0
2026-07-06T01:05:14+06:00  [298/306] ca_039__en__qwen2572b__r1 valid=True choice=B retries=0
2026-07-06T01:05:20+06:00  [299/306] ca_039__en__qwen2572b__r2 valid=True choice=B retries=0
2026-07-06T01:05:24+06:00  [300/306] ca_039__en__qwen2572b__r3 valid=True choice=B retries=0
2026-07-06T01:05:32+06:00  [301/306] ca_039__id__qwen2572b__r1 valid=True choice=B retries=0
2026-07-06T01:05:43+06:00  [302/306] ca_039__id__qwen2572b__r2 valid=True choice=B retries=0
2026-07-06T01:05:49+06:00  [303/306] ca_039__id__qwen2572b__r3 valid=True choice=D retries=0
2026-07-06T01:06:04+06:00  [304/306] ca_039__bn__qwen2572b__r1 valid=True choice=B retries=0
2026-07-06T01:06:20+06:00  [305/306] ca_039__bn__qwen2572b__r2 valid=True choice=D retries=0
2026-07-06T01:06:34+06:00  [306/306] ca_039__bn__qwen2572b__r3 valid=True choice=B retries=0
2026-07-06T01:06:34+06:00  === FULL done ===
2026-07-06T01:14:08+06:00  === PREFLIGHT ===
2026-07-06T01:14:09+06:00  [open    ] requested 'CraftX Qwen2.5 72B Instruct' -> echoed 'CraftX Qwen2.5 72B Instruct'
2026-07-06T01:14:10+06:00  [frontier] requested 'Kimi K2 Instruct' -> echoed 'Kimi K2 Instruct'
2026-07-06T01:14:12+06:00  [reasoning] requested 'CraftX Qwen3 235B A22B Thinking 2507' -> echoed 'CraftX Qwen3 235B A22B Thinking 2507'
2026-07-06T01:14:12+06:00  preflight OK: all three model ids resolve.
2026-07-06T01:14:12+06:00  === FULL: 351 runs total, 357 already done, 351 to run => ~702 model calls (2 phases each) ===
2026-07-06T01:14:18+06:00  [1/351] ca_001__en__kimik2__r1 valid=True choice=D retries=0
2026-07-06T01:14:23+06:00  [2/351] ca_001__en__kimik2__r2 valid=True choice=A retries=0
2026-07-06T01:14:29+06:00  [3/351] ca_001__en__kimik2__r3 valid=True choice=A retries=0
2026-07-06T01:15:03+06:00  [4/351] ca_001__id__kimik2__r1 valid=True choice=A retries=0
2026-07-06T01:15:09+06:00  [5/351] ca_001__id__kimik2__r2 valid=True choice=B retries=0
2026-07-06T01:15:17+06:00  [6/351] ca_001__id__kimik2__r3 valid=True choice=A retries=0
2026-07-06T01:15:29+06:00  [7/351] ca_001__bn__kimik2__r1 valid=True choice=D retries=0
2026-07-06T01:15:40+06:00  [8/351] ca_001__bn__kimik2__r2 valid=True choice=D retries=0
2026-07-06T01:15:49+06:00  [9/351] ca_001__bn__kimik2__r3 valid=True choice=D retries=0
2026-07-06T01:15:55+06:00  [10/351] ca_002__en__kimik2__r1 valid=True choice=D retries=0
2026-07-06T01:16:00+06:00  [11/351] ca_002__en__kimik2__r2 valid=True choice=D retries=0
2026-07-06T01:16:06+06:00  [12/351] ca_002__en__kimik2__r3 valid=True choice=D retries=0
2026-07-06T01:16:16+06:00  [13/351] ca_002__id__kimik2__r1 valid=True choice=A retries=0
2026-07-06T01:16:24+06:00  [14/351] ca_002__id__kimik2__r2 valid=True choice=D retries=0
2026-07-06T01:16:32+06:00  [15/351] ca_002__id__kimik2__r3 valid=True choice=A retries=0
2026-07-06T01:16:47+06:00  [16/351] ca_002__bn__kimik2__r1 valid=True choice=A retries=0
2026-07-06T01:17:00+06:00  [17/351] ca_002__bn__kimik2__r2 valid=True choice=D retries=0
2026-07-06T01:17:12+06:00  [18/351] ca_002__bn__kimik2__r3 valid=True choice=A retries=0
2026-07-06T01:17:19+06:00  [19/351] ca_003__en__kimik2__r1 valid=True choice=A retries=0
2026-07-06T01:17:25+06:00  [20/351] ca_003__en__kimik2__r2 valid=True choice=A retries=0
2026-07-06T01:17:32+06:00  [21/351] ca_003__en__kimik2__r3 valid=True choice=A retries=0
2026-07-06T01:17:40+06:00  [22/351] ca_003__id__kimik2__r1 valid=True choice=A retries=0
2026-07-06T01:17:57+06:00  [23/351] ca_003__id__kimik2__r2 valid=True choice=A retries=0
2026-07-06T01:18:05+06:00  [24/351] ca_003__id__kimik2__r3 valid=True choice=B retries=0
2026-07-06T01:18:17+06:00  [25/351] ca_003__bn__kimik2__r1 valid=True choice=A retries=0
2026-07-06T01:18:27+06:00  [26/351] ca_003__bn__kimik2__r2 valid=True choice=A retries=0
2026-07-06T01:18:41+06:00  [27/351] ca_003__bn__kimik2__r3 valid=True choice=A retries=0
2026-07-06T01:18:46+06:00  [28/351] ca_004__en__kimik2__r1 valid=True choice=A retries=0
2026-07-06T01:18:52+06:00  [29/351] ca_004__en__kimik2__r2 valid=True choice=B retries=0
2026-07-06T01:19:11+06:00  [30/351] ca_004__en__kimik2__r3 valid=True choice=A retries=0
2026-07-06T01:19:21+06:00  [31/351] ca_004__id__kimik2__r1 valid=True choice=A retries=0
2026-07-06T01:19:29+06:00  [32/351] ca_004__id__kimik2__r2 valid=True choice=A retries=0
2026-07-06T01:19:37+06:00  [33/351] ca_004__id__kimik2__r3 valid=True choice=A retries=0
2026-07-06T01:19:50+06:00  [34/351] ca_004__bn__kimik2__r1 valid=True choice=A retries=0
2026-07-06T01:20:07+06:00  [35/351] ca_004__bn__kimik2__r2 valid=True choice=A retries=0
2026-07-06T01:20:22+06:00  [36/351] ca_004__bn__kimik2__r3 valid=True choice=A retries=0
2026-07-06T01:20:27+06:00  [37/351] ca_005__en__kimik2__r1 valid=True choice=D retries=0
2026-07-06T01:20:34+06:00  [38/351] ca_005__en__kimik2__r2 valid=True choice=D retries=0
2026-07-06T01:20:41+06:00  [39/351] ca_005__en__kimik2__r3 valid=True choice=D retries=0
2026-07-06T01:20:50+06:00  [40/351] ca_005__id__kimik2__r1 valid=True choice=D retries=0
2026-07-06T01:21:00+06:00  [41/351] ca_005__id__kimik2__r2 valid=True choice=D retries=0
2026-07-06T01:21:09+06:00  [42/351] ca_005__id__kimik2__r3 valid=True choice=D retries=0
2026-07-06T01:21:36+06:00  [43/351] ca_005__bn__kimik2__r1 valid=True choice=D retries=0
2026-07-06T01:21:49+06:00  [44/351] ca_005__bn__kimik2__r2 valid=True choice=D retries=0
2026-07-06T01:22:03+06:00  [45/351] ca_005__bn__kimik2__r3 valid=True choice=D retries=0
2026-07-06T01:22:09+06:00  [46/351] ca_006__en__kimik2__r1 valid=True choice=B retries=0
2026-07-06T01:22:15+06:00  [47/351] ca_006__en__kimik2__r2 valid=True choice=B retries=0
2026-07-06T01:22:21+06:00  [48/351] ca_006__en__kimik2__r3 valid=True choice=B retries=0
2026-07-06T01:22:50+06:00  [49/351] ca_006__id__kimik2__r1 valid=True choice=B retries=0
2026-07-06T01:22:59+06:00  [50/351] ca_006__id__kimik2__r2 valid=True choice=B retries=0
2026-07-06T01:23:09+06:00  [51/351] ca_006__id__kimik2__r3 valid=True choice=A retries=0
2026-07-06T01:23:22+06:00  [52/351] ca_006__bn__kimik2__r1 valid=True choice=B retries=0
2026-07-06T01:23:35+06:00  [53/351] ca_006__bn__kimik2__r2 valid=True choice=C retries=0
2026-07-06T01:23:46+06:00  [54/351] ca_006__bn__kimik2__r3 valid=True choice=B retries=0
2026-07-06T01:23:53+06:00  [55/351] ca_007__en__kimik2__r1 valid=True choice=B retries=0
2026-07-06T01:23:59+06:00  [56/351] ca_007__en__kimik2__r2 valid=True choice=B retries=0
2026-07-06T01:24:05+06:00  [57/351] ca_007__en__kimik2__r3 valid=True choice=B retries=0
2026-07-06T01:24:14+06:00  [58/351] ca_007__id__kimik2__r1 valid=True choice=D retries=0
2026-07-06T01:24:24+06:00  [59/351] ca_007__id__kimik2__r2 valid=True choice=B retries=0
2026-07-06T01:24:34+06:00  [60/351] ca_007__id__kimik2__r3 valid=True choice=D retries=0
2026-07-06T01:24:45+06:00  [61/351] ca_007__bn__kimik2__r1 valid=True choice=D retries=0
2026-07-06T01:24:56+06:00  [62/351] ca_007__bn__kimik2__r2 valid=True choice=B retries=0
2026-07-06T01:25:40+06:00  [63/351] ca_007__bn__kimik2__r3 valid=True choice=B retries=0
2026-07-06T01:25:45+06:00  [64/351] ca_008__en__kimik2__r1 valid=True choice=A retries=0
2026-07-06T01:25:52+06:00  [65/351] ca_008__en__kimik2__r2 valid=True choice=A retries=0
2026-07-06T01:25:58+06:00  [66/351] ca_008__en__kimik2__r3 valid=True choice=A retries=0
2026-07-06T01:26:07+06:00  [67/351] ca_008__id__kimik2__r1 valid=True choice=A retries=0
2026-07-06T01:26:15+06:00  [68/351] ca_008__id__kimik2__r2 valid=True choice=A retries=0
2026-07-06T01:26:25+06:00  [69/351] ca_008__id__kimik2__r3 valid=True choice=D retries=0
2026-07-06T01:26:38+06:00  [70/351] ca_008__bn__kimik2__r1 valid=True choice=A retries=0
2026-07-06T01:26:50+06:00  [71/351] ca_008__bn__kimik2__r2 valid=True choice=A retries=0
2026-07-06T01:27:03+06:00  [72/351] ca_008__bn__kimik2__r3 valid=True choice=B retries=0
2026-07-06T01:27:08+06:00  [73/351] ca_009__en__kimik2__r1 valid=True choice=A retries=0
2026-07-06T01:27:24+06:00  [74/351] ca_009__en__kimik2__r2 valid=True choice=A retries=0
2026-07-06T01:27:44+06:00  [75/351] ca_009__en__kimik2__r3 valid=True choice=A retries=0
2026-07-06T01:27:53+06:00  [76/351] ca_009__id__kimik2__r1 valid=True choice=A retries=0
2026-07-06T01:28:03+06:00  [77/351] ca_009__id__kimik2__r2 valid=True choice=A retries=0
2026-07-06T01:28:12+06:00  [78/351] ca_009__id__kimik2__r3 valid=True choice=B retries=0
2026-07-06T01:28:23+06:00  [79/351] ca_009__bn__kimik2__r1 valid=True choice=A retries=0
2026-07-06T01:28:36+06:00  [80/351] ca_009__bn__kimik2__r2 valid=True choice=A retries=0
2026-07-06T01:28:58+06:00  [81/351] ca_009__bn__kimik2__r3 valid=True choice=B retries=0
2026-07-06T01:29:03+06:00  [82/351] ca_010__en__kimik2__r1 valid=True choice=B retries=0
2026-07-06T01:29:08+06:00  [83/351] ca_010__en__kimik2__r2 valid=True choice=C retries=0
2026-07-06T01:29:13+06:00  [84/351] ca_010__en__kimik2__r3 valid=True choice=C retries=0
2026-07-06T01:29:21+06:00  [85/351] ca_010__id__kimik2__r1 valid=True choice=C retries=0
2026-07-06T01:29:31+06:00  [86/351] ca_010__id__kimik2__r2 valid=True choice=C retries=0
2026-07-06T01:29:39+06:00  [87/351] ca_010__id__kimik2__r3 valid=True choice=C retries=0
2026-07-06T01:29:53+06:00  [88/351] ca_010__bn__kimik2__r1 valid=True choice=C retries=0
2026-07-06T01:30:06+06:00  [89/351] ca_010__bn__kimik2__r2 valid=True choice=C retries=0
2026-07-06T01:30:15+06:00  [90/351] ca_010__bn__kimik2__r3 valid=True choice=C retries=0
2026-07-06T01:30:20+06:00  [91/351] ca_011__en__kimik2__r1 valid=True choice=A retries=0
2026-07-06T01:30:26+06:00  [92/351] ca_011__en__kimik2__r2 valid=True choice=A retries=0
2026-07-06T01:30:31+06:00  [93/351] ca_011__en__kimik2__r3 valid=True choice=A retries=0
2026-07-06T01:30:40+06:00  [94/351] ca_011__id__kimik2__r1 valid=True choice=A retries=0
2026-07-06T01:30:48+06:00  [95/351] ca_011__id__kimik2__r2 valid=True choice=B retries=0
2026-07-06T01:30:55+06:00  [96/351] ca_011__id__kimik2__r3 valid=True choice=A retries=0
2026-07-06T01:31:06+06:00  [97/351] ca_011__bn__kimik2__r1 valid=True choice=A retries=0
2026-07-06T01:31:23+06:00  [98/351] ca_011__bn__kimik2__r2 valid=True choice=B retries=0
2026-07-06T01:31:48+06:00  [99/351] ca_011__bn__kimik2__r3 valid=True choice=A retries=0
2026-07-06T01:32:06+06:00  [100/351] ca_012__en__kimik2__r1 valid=True choice=A retries=0
2026-07-06T01:32:11+06:00  [101/351] ca_012__en__kimik2__r2 valid=True choice=A retries=0
2026-07-06T01:32:19+06:00  [102/351] ca_012__en__kimik2__r3 valid=True choice=C retries=0
2026-07-06T01:32:27+06:00  [103/351] ca_012__id__kimik2__r1 valid=True choice=C retries=0
2026-07-06T01:32:35+06:00  [104/351] ca_012__id__kimik2__r2 valid=True choice=A retries=0
2026-07-06T01:32:41+06:00  [105/351] ca_012__id__kimik2__r3 valid=True choice=C retries=0
2026-07-06T01:32:54+06:00  [106/351] ca_012__bn__kimik2__r1 valid=True choice=C retries=0
2026-07-06T01:33:04+06:00  [107/351] ca_012__bn__kimik2__r2 valid=True choice=C retries=0
2026-07-06T01:33:12+06:00  [108/351] ca_012__bn__kimik2__r3 valid=True choice=C retries=0
2026-07-06T01:33:19+06:00  [109/351] ca_013__en__kimik2__r1 valid=True choice=B retries=0
2026-07-06T01:33:49+06:00  [110/351] ca_013__en__kimik2__r2 valid=True choice=A retries=0
2026-07-06T01:33:58+06:00  [111/351] ca_013__en__kimik2__r3 valid=True choice=B retries=0
2026-07-06T01:34:07+06:00  [112/351] ca_013__id__kimik2__r1 valid=True choice=B retries=0
2026-07-06T01:34:17+06:00  [113/351] ca_013__id__kimik2__r2 valid=True choice=C retries=0
2026-07-06T01:34:27+06:00  [114/351] ca_013__id__kimik2__r3 valid=True choice=A retries=0
2026-07-06T01:34:42+06:00  [115/351] ca_013__bn__kimik2__r1 valid=True choice=B retries=0
2026-07-06T01:35:37+06:00  [116/351] ca_013__bn__kimik2__r2 valid=True choice=B retries=0
2026-07-06T01:35:48+06:00  [117/351] ca_013__bn__kimik2__r3 valid=True choice=C retries=0
2026-07-06T01:35:56+06:00  [118/351] ca_014__en__kimik2__r1 valid=True choice=C retries=0
2026-07-06T01:36:02+06:00  [119/351] ca_014__en__kimik2__r2 valid=True choice=C retries=0
2026-07-06T01:36:26+06:00  [120/351] ca_014__en__kimik2__r3 valid=True choice=B retries=0
2026-07-06T01:36:52+06:00  [121/351] ca_014__id__kimik2__r1 valid=True choice=C retries=0
2026-07-06T01:37:00+06:00  [122/351] ca_014__id__kimik2__r2 valid=True choice=C retries=0
2026-07-06T01:37:08+06:00  [123/351] ca_014__id__kimik2__r3 valid=True choice=B retries=0
2026-07-06T01:37:24+06:00  [124/351] ca_014__bn__kimik2__r1 valid=True choice=A retries=0
2026-07-06T01:37:52+06:00  [125/351] ca_014__bn__kimik2__r2 valid=True choice=A retries=0
2026-07-06T01:38:09+06:00  [126/351] ca_014__bn__kimik2__r3 valid=True choice=A retries=0
2026-07-06T01:38:14+06:00  [127/351] ca_015__en__kimik2__r1 valid=True choice=A retries=0
2026-07-06T01:38:22+06:00  [128/351] ca_015__en__kimik2__r2 valid=True choice=D retries=0
2026-07-06T01:38:38+06:00  [129/351] ca_015__en__kimik2__r3 valid=True choice=D retries=0
2026-07-06T01:38:48+06:00  [130/351] ca_015__id__kimik2__r1 valid=True choice=A retries=0
2026-07-06T01:38:56+06:00  [131/351] ca_015__id__kimik2__r2 valid=True choice=D retries=0
2026-07-06T01:39:05+06:00  [132/351] ca_015__id__kimik2__r3 valid=True choice=D retries=0
2026-07-06T01:39:25+06:00  [133/351] ca_015__bn__kimik2__r1 valid=True choice=A retries=0
2026-07-06T01:39:39+06:00  [134/351] ca_015__bn__kimik2__r2 valid=True choice=D retries=0
2026-07-06T01:39:52+06:00  [135/351] ca_015__bn__kimik2__r3 valid=True choice=B retries=0
2026-07-06T01:39:57+06:00  [136/351] ca_016__en__kimik2__r1 valid=True choice=D retries=0
2026-07-06T01:40:03+06:00  [137/351] ca_016__en__kimik2__r2 valid=True choice=D retries=0
2026-07-06T01:40:09+06:00  [138/351] ca_016__en__kimik2__r3 valid=True choice=D retries=0
2026-07-06T01:40:18+06:00  [139/351] ca_016__id__kimik2__r1 valid=True choice=D retries=0
2026-07-06T01:40:25+06:00  [140/351] ca_016__id__kimik2__r2 valid=True choice=D retries=0
2026-07-06T01:40:34+06:00  [141/351] ca_016__id__kimik2__r3 valid=True choice=D retries=0
2026-07-06T01:40:45+06:00  [142/351] ca_016__bn__kimik2__r1 valid=True choice=A retries=0
2026-07-06T01:40:56+06:00  [143/351] ca_016__bn__kimik2__r2 valid=True choice=D retries=0
2026-07-06T01:41:06+06:00  [144/351] ca_016__bn__kimik2__r3 valid=True choice=D retries=0
2026-07-06T01:41:12+06:00  [145/351] ca_017__en__kimik2__r1 valid=True choice=A retries=0
2026-07-06T01:41:18+06:00  [146/351] ca_017__en__kimik2__r2 valid=True choice=B retries=0
2026-07-06T01:41:24+06:00  [147/351] ca_017__en__kimik2__r3 valid=True choice=D retries=0
2026-07-06T01:41:34+06:00  [148/351] ca_017__id__kimik2__r1 valid=True choice=B retries=0
2026-07-06T01:41:43+06:00  [149/351] ca_017__id__kimik2__r2 valid=True choice=B retries=0
2026-07-06T01:41:51+06:00  [150/351] ca_017__id__kimik2__r3 valid=True choice=A retries=0
2026-07-06T01:42:02+06:00  [151/351] ca_017__bn__kimik2__r1 valid=True choice=B retries=0
2026-07-06T01:42:16+06:00  [152/351] ca_017__bn__kimik2__r2 valid=True choice=B retries=0
2026-07-06T01:42:29+06:00  [153/351] ca_017__bn__kimik2__r3 valid=True choice=B retries=0
2026-07-06T01:42:35+06:00  [154/351] ca_018__en__kimik2__r1 valid=True choice=B retries=0
2026-07-06T01:42:40+06:00  [155/351] ca_018__en__kimik2__r2 valid=True choice=B retries=0
2026-07-06T01:42:47+06:00  [156/351] ca_018__en__kimik2__r3 valid=True choice=B retries=0
2026-07-06T01:42:57+06:00  [157/351] ca_018__id__kimik2__r1 valid=True choice=B retries=0
2026-07-06T01:43:07+06:00  [158/351] ca_018__id__kimik2__r2 valid=True choice=B retries=0
2026-07-06T01:43:16+06:00  [159/351] ca_018__id__kimik2__r3 valid=True choice=B retries=0
2026-07-06T01:43:34+06:00  [160/351] ca_018__bn__kimik2__r1 valid=True choice=B retries=0
2026-07-06T01:44:22+06:00  [161/351] ca_018__bn__kimik2__r2 valid=True choice=B retries=0
2026-07-06T01:44:33+06:00  [162/351] ca_018__bn__kimik2__r3 valid=True choice=B retries=0
2026-07-06T01:44:39+06:00  [163/351] ca_019__en__kimik2__r1 valid=True choice=A retries=0
2026-07-06T01:44:44+06:00  [164/351] ca_019__en__kimik2__r2 valid=True choice=A retries=0
2026-07-06T01:45:03+06:00  [165/351] ca_019__en__kimik2__r3 valid=True choice=A retries=0
2026-07-06T01:45:12+06:00  [166/351] ca_019__id__kimik2__r1 valid=True choice=A retries=0
2026-07-06T01:45:19+06:00  [167/351] ca_019__id__kimik2__r2 valid=True choice=A retries=0
2026-07-06T01:45:27+06:00  [168/351] ca_019__id__kimik2__r3 valid=True choice=A retries=0
2026-07-06T01:45:38+06:00  [169/351] ca_019__bn__kimik2__r1 valid=True choice=A retries=0
2026-07-06T01:45:53+06:00  [170/351] ca_019__bn__kimik2__r2 valid=True choice=D retries=0
2026-07-06T01:46:07+06:00  [171/351] ca_019__bn__kimik2__r3 valid=True choice=A retries=0
2026-07-06T01:46:13+06:00  [172/351] ca_020__en__kimik2__r1 valid=True choice=A retries=0
2026-07-06T01:46:19+06:00  [173/351] ca_020__en__kimik2__r2 valid=True choice=A retries=0
2026-07-06T01:46:34+06:00  [174/351] ca_020__en__kimik2__r3 valid=True choice=A retries=0
2026-07-06T01:46:42+06:00  [175/351] ca_020__id__kimik2__r1 valid=True choice=A retries=0
2026-07-06T01:46:51+06:00  [176/351] ca_020__id__kimik2__r2 valid=True choice=A retries=0
2026-07-06T01:47:25+06:00  [177/351] ca_020__id__kimik2__r3 valid=True choice=A retries=0
2026-07-06T01:47:41+06:00  [178/351] ca_020__bn__kimik2__r1 valid=True choice=A retries=0
2026-07-06T01:47:56+06:00  [179/351] ca_020__bn__kimik2__r2 valid=True choice=A retries=0
2026-07-06T01:48:14+06:00  [180/351] ca_020__bn__kimik2__r3 valid=True choice=A retries=0
2026-07-06T01:48:20+06:00  [181/351] ca_021__en__kimik2__r1 valid=True choice=A retries=0
2026-07-06T01:48:27+06:00  [182/351] ca_021__en__kimik2__r2 valid=True choice=A retries=0
2026-07-06T01:48:33+06:00  [183/351] ca_021__en__kimik2__r3 valid=True choice=A retries=0
2026-07-06T01:48:42+06:00  [184/351] ca_021__id__kimik2__r1 valid=True choice=A retries=0
2026-07-06T01:48:50+06:00  [185/351] ca_021__id__kimik2__r2 valid=True choice=A retries=0
2026-07-06T01:48:58+06:00  [186/351] ca_021__id__kimik2__r3 valid=True choice=A retries=0
2026-07-06T01:49:27+06:00  [187/351] ca_021__bn__kimik2__r1 valid=True choice=A retries=0
2026-07-06T01:49:40+06:00  [188/351] ca_021__bn__kimik2__r2 valid=True choice=A retries=0
2026-07-06T01:49:49+06:00  [189/351] ca_021__bn__kimik2__r3 valid=True choice=A retries=0
2026-07-06T01:50:26+06:00  [190/351] ca_022__en__kimik2__r1 valid=True choice=B retries=0
2026-07-06T01:50:31+06:00  [191/351] ca_022__en__kimik2__r2 valid=True choice=C retries=0
2026-07-06T01:50:47+06:00  [192/351] ca_022__en__kimik2__r3 valid=True choice=D retries=0
2026-07-06T01:51:20+06:00  [193/351] ca_022__id__kimik2__r1 valid=True choice=D retries=0
2026-07-06T01:51:28+06:00  [194/351] ca_022__id__kimik2__r2 valid=True choice=B retries=0
2026-07-06T01:51:37+06:00  [195/351] ca_022__id__kimik2__r3 valid=True choice=D retries=0
2026-07-06T01:51:47+06:00  [196/351] ca_022__bn__kimik2__r1 valid=True choice=B retries=0
2026-07-06T01:51:58+06:00  [197/351] ca_022__bn__kimik2__r2 valid=True choice=A retries=0
2026-07-06T01:52:09+06:00  [198/351] ca_022__bn__kimik2__r3 valid=True choice=D retries=0
2026-07-06T01:52:15+06:00  [199/351] ca_023__en__kimik2__r1 valid=True choice=B retries=0
2026-07-06T01:52:22+06:00  [200/351] ca_023__en__kimik2__r2 valid=True choice=B retries=0
2026-07-06T01:52:27+06:00  [201/351] ca_023__en__kimik2__r3 valid=True choice=B retries=0
2026-07-06T01:52:35+06:00  [202/351] ca_023__id__kimik2__r1 valid=True choice=A retries=0
2026-07-06T01:52:43+06:00  [203/351] ca_023__id__kimik2__r2 valid=True choice=B retries=0
2026-07-06T01:52:52+06:00  [204/351] ca_023__id__kimik2__r3 valid=True choice=A retries=0
2026-07-06T01:53:04+06:00  [205/351] ca_023__bn__kimik2__r1 valid=True choice=A retries=0
2026-07-06T01:53:14+06:00  [206/351] ca_023__bn__kimik2__r2 valid=True choice=A retries=0
2026-07-06T01:53:27+06:00  [207/351] ca_023__bn__kimik2__r3 valid=True choice=A retries=0
2026-07-06T01:53:31+06:00  [208/351] ca_024__en__kimik2__r1 valid=True choice=B retries=0
2026-07-06T01:53:37+06:00  [209/351] ca_024__en__kimik2__r2 valid=True choice=A retries=0
2026-07-06T01:53:43+06:00  [210/351] ca_024__en__kimik2__r3 valid=True choice=A retries=0
2026-07-06T01:53:50+06:00  [211/351] ca_024__id__kimik2__r1 valid=True choice=A retries=0
2026-07-06T01:53:57+06:00  [212/351] ca_024__id__kimik2__r2 valid=True choice=A retries=0
2026-07-06T01:54:04+06:00  [213/351] ca_024__id__kimik2__r3 valid=True choice=A retries=0
2026-07-06T01:54:17+06:00  [214/351] ca_024__bn__kimik2__r1 valid=True choice=A retries=0
2026-07-06T01:54:28+06:00  [215/351] ca_024__bn__kimik2__r2 valid=True choice=A retries=0
2026-07-06T01:54:39+06:00  [216/351] ca_024__bn__kimik2__r3 valid=True choice=A retries=0
2026-07-06T01:54:44+06:00  [217/351] ca_025__en__kimik2__r1 valid=True choice=A retries=0
2026-07-06T01:54:50+06:00  [218/351] ca_025__en__kimik2__r2 valid=True choice=A retries=0
2026-07-06T01:54:55+06:00  [219/351] ca_025__en__kimik2__r3 valid=True choice=A retries=0
2026-07-06T01:55:04+06:00  [220/351] ca_025__id__kimik2__r1 valid=True choice=B retries=0
2026-07-06T01:55:12+06:00  [221/351] ca_025__id__kimik2__r2 valid=True choice=B retries=0
2026-07-06T01:55:19+06:00  [222/351] ca_025__id__kimik2__r3 valid=True choice=B retries=0
2026-07-06T01:55:31+06:00  [223/351] ca_025__bn__kimik2__r1 valid=True choice=B retries=0
2026-07-06T01:55:41+06:00  [224/351] ca_025__bn__kimik2__r2 valid=True choice=B retries=0
2026-07-06T01:55:48+06:00  [225/351] ca_025__bn__kimik2__r3 valid=True choice=B retries=0
2026-07-06T01:55:54+06:00  [226/351] ca_026__en__kimik2__r1 valid=True choice=A retries=0
2026-07-06T01:55:59+06:00  [227/351] ca_026__en__kimik2__r2 valid=True choice=A retries=0
2026-07-06T01:56:05+06:00  [228/351] ca_026__en__kimik2__r3 valid=True choice=A retries=0
2026-07-06T01:56:12+06:00  [229/351] ca_026__id__kimik2__r1 valid=True choice=A retries=0
2026-07-06T01:56:20+06:00  [230/351] ca_026__id__kimik2__r2 valid=True choice=A retries=0
2026-07-06T01:56:27+06:00  [231/351] ca_026__id__kimik2__r3 valid=True choice=A retries=0
2026-07-06T01:56:40+06:00  [232/351] ca_026__bn__kimik2__r1 valid=True choice=B retries=0
2026-07-06T01:56:56+06:00  [233/351] ca_026__bn__kimik2__r2 valid=True choice=A retries=0
2026-07-06T01:57:09+06:00  [234/351] ca_026__bn__kimik2__r3 valid=True choice=A retries=0
2026-07-06T01:57:14+06:00  [235/351] ca_027__en__kimik2__r1 valid=True choice=B retries=0
2026-07-06T01:57:20+06:00  [236/351] ca_027__en__kimik2__r2 valid=True choice=B retries=0
2026-07-06T01:57:26+06:00  [237/351] ca_027__en__kimik2__r3 valid=True choice=B retries=0
2026-07-06T01:57:35+06:00  [238/351] ca_027__id__kimik2__r1 valid=True choice=B retries=0
2026-07-06T01:57:44+06:00  [239/351] ca_027__id__kimik2__r2 valid=True choice=B retries=0
2026-07-06T01:57:54+06:00  [240/351] ca_027__id__kimik2__r3 valid=True choice=B retries=0
2026-07-06T01:58:04+06:00  [241/351] ca_027__bn__kimik2__r1 valid=True choice=B retries=0
2026-07-06T01:58:16+06:00  [242/351] ca_027__bn__kimik2__r2 valid=True choice=B retries=0
2026-07-06T01:58:26+06:00  [243/351] ca_027__bn__kimik2__r3 valid=True choice=B retries=0
2026-07-06T01:58:30+06:00  [244/351] ca_028__en__kimik2__r1 valid=True choice=A retries=0
2026-07-06T01:58:36+06:00  [245/351] ca_028__en__kimik2__r2 valid=True choice=A retries=0
2026-07-06T01:58:41+06:00  [246/351] ca_028__en__kimik2__r3 valid=True choice=A retries=0
2026-07-06T01:58:48+06:00  [247/351] ca_028__id__kimik2__r1 valid=True choice=A retries=0
2026-07-06T01:58:58+06:00  [248/351] ca_028__id__kimik2__r2 valid=True choice=A retries=0
2026-07-06T01:59:05+06:00  [249/351] ca_028__id__kimik2__r3 valid=True choice=A retries=0
2026-07-06T01:59:19+06:00  [250/351] ca_028__bn__kimik2__r1 valid=True choice=A retries=0
2026-07-06T01:59:44+06:00  [251/351] ca_028__bn__kimik2__r2 valid=True choice=A retries=0
2026-07-06T01:59:59+06:00  [252/351] ca_028__bn__kimik2__r3 valid=True choice=A retries=0
2026-07-06T02:00:16+06:00  [253/351] ca_029__en__kimik2__r1 valid=True choice=A retries=0
2026-07-06T02:00:22+06:00  [254/351] ca_029__en__kimik2__r2 valid=True choice=D retries=0
2026-07-06T02:00:28+06:00  [255/351] ca_029__en__kimik2__r3 valid=True choice=D retries=0
2026-07-06T02:00:35+06:00  [256/351] ca_029__id__kimik2__r1 valid=True choice=B retries=0
2026-07-06T02:00:43+06:00  [257/351] ca_029__id__kimik2__r2 valid=True choice=B retries=0
2026-07-06T02:00:55+06:00  [258/351] ca_029__id__kimik2__r3 valid=True choice=B retries=0
2026-07-06T02:01:10+06:00  [259/351] ca_029__bn__kimik2__r1 valid=True choice=A retries=0
2026-07-06T02:01:21+06:00  [260/351] ca_029__bn__kimik2__r2 valid=True choice=D retries=0
2026-07-06T02:01:32+06:00  [261/351] ca_029__bn__kimik2__r3 valid=True choice=D retries=0
2026-07-06T02:01:37+06:00  [262/351] ca_030__en__kimik2__r1 valid=True choice=D retries=0
2026-07-06T02:01:45+06:00  [263/351] ca_030__en__kimik2__r2 valid=True choice=D retries=0
2026-07-06T02:01:51+06:00  [264/351] ca_030__en__kimik2__r3 valid=True choice=D retries=0
2026-07-06T02:02:11+06:00  [265/351] ca_030__id__kimik2__r1 valid=True choice=D retries=0
2026-07-06T02:02:20+06:00  [266/351] ca_030__id__kimik2__r2 valid=True choice=D retries=0
2026-07-06T02:02:29+06:00  [267/351] ca_030__id__kimik2__r3 valid=True choice=D retries=0
2026-07-06T02:02:42+06:00  [268/351] ca_030__bn__kimik2__r1 valid=True choice=D retries=0
2026-07-06T02:02:56+06:00  [269/351] ca_030__bn__kimik2__r2 valid=True choice=D retries=0
2026-07-06T02:03:10+06:00  [270/351] ca_030__bn__kimik2__r3 valid=True choice=D retries=0
2026-07-06T02:03:15+06:00  [271/351] ca_031__en__kimik2__r1 valid=True choice=A retries=0
2026-07-06T02:03:20+06:00  [272/351] ca_031__en__kimik2__r2 valid=True choice=A retries=0
2026-07-06T02:03:27+06:00  [273/351] ca_031__en__kimik2__r3 valid=True choice=A retries=0
2026-07-06T02:03:35+06:00  [274/351] ca_031__id__kimik2__r1 valid=True choice=A retries=0
2026-07-06T02:03:43+06:00  [275/351] ca_031__id__kimik2__r2 valid=True choice=A retries=0
2026-07-06T02:03:52+06:00  [276/351] ca_031__id__kimik2__r3 valid=True choice=B retries=0
2026-07-06T02:04:06+06:00  [277/351] ca_031__bn__kimik2__r1 valid=True choice=A retries=0
2026-07-06T02:04:17+06:00  [278/351] ca_031__bn__kimik2__r2 valid=True choice=A retries=0
2026-07-06T02:04:26+06:00  [279/351] ca_031__bn__kimik2__r3 valid=True choice=C retries=0
2026-07-06T02:04:42+06:00  [280/351] ca_032__en__kimik2__r1 valid=True choice=B retries=0
2026-07-06T02:04:49+06:00  [281/351] ca_032__en__kimik2__r2 valid=True choice=B retries=0
2026-07-06T02:04:56+06:00  [282/351] ca_032__en__kimik2__r3 valid=True choice=B retries=0
2026-07-06T02:05:04+06:00  [283/351] ca_032__id__kimik2__r1 valid=True choice=B retries=0
2026-07-06T02:05:12+06:00  [284/351] ca_032__id__kimik2__r2 valid=True choice=B retries=0
2026-07-06T02:05:22+06:00  [285/351] ca_032__id__kimik2__r3 valid=True choice=B retries=0
2026-07-06T02:05:43+06:00  [286/351] ca_032__bn__kimik2__r1 valid=True choice=B retries=0
2026-07-06T02:05:54+06:00  [287/351] ca_032__bn__kimik2__r2 valid=True choice=B retries=0
2026-07-06T02:06:08+06:00  [288/351] ca_032__bn__kimik2__r3 valid=True choice=B retries=0
2026-07-06T02:06:13+06:00  [289/351] ca_033__en__kimik2__r1 valid=True choice=B retries=0
2026-07-06T02:06:19+06:00  [290/351] ca_033__en__kimik2__r2 valid=True choice=B retries=0
2026-07-06T02:06:25+06:00  [291/351] ca_033__en__kimik2__r3 valid=True choice=B retries=0
2026-07-06T02:06:32+06:00  [292/351] ca_033__id__kimik2__r1 valid=True choice=B retries=0
2026-07-06T02:06:39+06:00  [293/351] ca_033__id__kimik2__r2 valid=True choice=B retries=0
2026-07-06T02:06:47+06:00  [294/351] ca_033__id__kimik2__r3 valid=True choice=B retries=0
2026-07-06T02:06:57+06:00  [295/351] ca_033__bn__kimik2__r1 valid=True choice=B retries=0
2026-07-06T02:07:10+06:00  [296/351] ca_033__bn__kimik2__r2 valid=True choice=B retries=0
2026-07-06T02:07:23+06:00  [297/351] ca_033__bn__kimik2__r3 valid=True choice=B retries=0
2026-07-06T02:07:28+06:00  [298/351] ca_034__en__kimik2__r1 valid=True choice=A retries=0
2026-07-06T02:07:34+06:00  [299/351] ca_034__en__kimik2__r2 valid=True choice=A retries=0
2026-07-06T02:07:39+06:00  [300/351] ca_034__en__kimik2__r3 valid=True choice=A retries=0
2026-07-06T02:07:46+06:00  [301/351] ca_034__id__kimik2__r1 valid=True choice=A retries=0
2026-07-06T02:07:54+06:00  [302/351] ca_034__id__kimik2__r2 valid=True choice=A retries=0
2026-07-06T02:08:02+06:00  [303/351] ca_034__id__kimik2__r3 valid=True choice=A retries=0
2026-07-06T02:08:07+06:00  [304/351] ca_034__bn__kimik2__r1 valid=True choice=A retries=0
2026-07-06T02:08:26+06:00  [305/351] ca_034__bn__kimik2__r2 valid=True choice=D retries=0
2026-07-06T02:08:36+06:00  [306/351] ca_034__bn__kimik2__r3 valid=True choice=A retries=0
2026-07-06T02:08:42+06:00  [307/351] ca_035__en__kimik2__r1 valid=True choice=B retries=0
2026-07-06T02:08:48+06:00  [308/351] ca_035__en__kimik2__r2 valid=True choice=B retries=0
2026-07-06T02:08:54+06:00  [309/351] ca_035__en__kimik2__r3 valid=True choice=B retries=0
2026-07-06T02:09:02+06:00  [310/351] ca_035__id__kimik2__r1 valid=True choice=B retries=0
2026-07-06T02:09:11+06:00  [311/351] ca_035__id__kimik2__r2 valid=True choice=B retries=0
2026-07-06T02:09:19+06:00  [312/351] ca_035__id__kimik2__r3 valid=True choice=B retries=0
2026-07-06T02:09:30+06:00  [313/351] ca_035__bn__kimik2__r1 valid=True choice=B retries=0
2026-07-06T02:09:39+06:00  [314/351] ca_035__bn__kimik2__r2 valid=True choice=B retries=0
2026-07-06T02:09:47+06:00  [315/351] ca_035__bn__kimik2__r3 valid=True choice=B retries=0
2026-07-06T02:09:56+06:00  [316/351] ca_036__en__kimik2__r1 valid=True choice=B retries=0
2026-07-06T02:10:00+06:00  [317/351] ca_036__en__kimik2__r2 valid=True choice=B retries=0
2026-07-06T02:10:15+06:00  [318/351] ca_036__en__kimik2__r3 valid=True choice=A retries=0
2026-07-06T02:10:24+06:00  [319/351] ca_036__id__kimik2__r1 valid=True choice=B retries=0
2026-07-06T02:10:34+06:00  [320/351] ca_036__id__kimik2__r2 valid=True choice=B retries=0
2026-07-06T02:10:44+06:00  [321/351] ca_036__id__kimik2__r3 valid=True choice=A retries=0
2026-07-06T02:10:57+06:00  [322/351] ca_036__bn__kimik2__r1 valid=True choice=A retries=0
2026-07-06T02:11:10+06:00  [323/351] ca_036__bn__kimik2__r2 valid=True choice=A retries=0
2026-07-06T02:11:22+06:00  [324/351] ca_036__bn__kimik2__r3 valid=True choice=A retries=0
2026-07-06T02:11:28+06:00  [325/351] ca_037__en__kimik2__r1 valid=True choice=B retries=0
2026-07-06T02:11:34+06:00  [326/351] ca_037__en__kimik2__r2 valid=True choice=A retries=0
2026-07-06T02:11:43+06:00  [327/351] ca_037__en__kimik2__r3 valid=True choice=B retries=0
2026-07-06T02:11:52+06:00  [328/351] ca_037__id__kimik2__r1 valid=True choice=A retries=0
2026-07-06T02:12:00+06:00  [329/351] ca_037__id__kimik2__r2 valid=True choice=A retries=0
2026-07-06T02:12:09+06:00  [330/351] ca_037__id__kimik2__r3 valid=True choice=A retries=0
2026-07-06T02:12:24+06:00  [331/351] ca_037__bn__kimik2__r1 valid=True choice=A retries=0
2026-07-06T02:12:58+06:00  [332/351] ca_037__bn__kimik2__r2 valid=True choice=A retries=0
2026-07-06T02:13:09+06:00  [333/351] ca_037__bn__kimik2__r3 valid=True choice=A retries=0
2026-07-06T02:13:26+06:00  [334/351] ca_038__en__kimik2__r1 valid=True choice=B retries=0
2026-07-06T02:13:46+06:00  [335/351] ca_038__en__kimik2__r2 valid=True choice=B retries=0
2026-07-06T02:14:00+06:00  [336/351] ca_038__en__kimik2__r3 valid=True choice=B retries=0
2026-07-06T02:14:09+06:00  [337/351] ca_038__id__kimik2__r1 valid=True choice=B retries=0
2026-07-06T02:24:20+06:00  [338/351] ca_038__id__kimik2__r2 valid=True choice=B retries=0
2026-07-06T02:24:30+06:00  [339/351] ca_038__id__kimik2__r3 valid=True choice=B retries=0
2026-07-06T02:24:41+06:00  [340/351] ca_038__bn__kimik2__r1 valid=True choice=B retries=0
2026-07-06T02:24:50+06:00  [341/351] ca_038__bn__kimik2__r2 valid=True choice=B retries=0
2026-07-06T02:25:03+06:00  [342/351] ca_038__bn__kimik2__r3 valid=True choice=B retries=0
2026-07-06T02:25:10+06:00  [343/351] ca_039__en__kimik2__r1 valid=True choice=B retries=0
2026-07-06T02:25:16+06:00  [344/351] ca_039__en__kimik2__r2 valid=True choice=D retries=0
2026-07-06T02:25:21+06:00  [345/351] ca_039__en__kimik2__r3 valid=True choice=B retries=0
2026-07-06T02:25:28+06:00  [346/351] ca_039__id__kimik2__r1 valid=True choice=D retries=0
2026-07-06T02:25:36+06:00  [347/351] ca_039__id__kimik2__r2 valid=True choice=B retries=0
2026-07-06T02:25:44+06:00  [348/351] ca_039__id__kimik2__r3 valid=True choice=D retries=0
2026-07-06T02:25:59+06:00  [349/351] ca_039__bn__kimik2__r1 valid=True choice=D retries=0
2026-07-06T02:26:11+06:00  [350/351] ca_039__bn__kimik2__r2 valid=True choice=D retries=0
2026-07-06T02:26:27+06:00  [351/351] ca_039__bn__kimik2__r3 valid=True choice=B retries=0
2026-07-06T02:26:27+06:00  === FULL done ===
2026-07-06T08:01:56+06:00  === PREFLIGHT ===
2026-07-06T08:01:57+06:00  [open    ] requested 'CraftX Qwen2.5 72B Instruct' -> echoed 'CraftX Qwen2.5 72B Instruct'
2026-07-06T08:01:59+06:00  [frontier] requested 'Kimi K2 Instruct' -> echoed 'Kimi K2 Instruct'
2026-07-06T08:02:00+06:00  [reasoning] requested 'CraftX Qwen3 235B A22B Thinking 2507' -> echoed 'CraftX Qwen3 235B A22B Thinking 2507'
2026-07-06T08:02:00+06:00  preflight OK: all three model ids resolve.
2026-07-06T08:02:00+06:00  === FULL: 351 runs total, 708 already done, 345 to run => ~690 model calls (2 phases each) ===
2026-07-06T08:02:45+06:00  [1/345] ca_001__en__qwen3think__r2 valid=True choice=A retries=0
2026-07-06T08:03:32+06:00  [2/345] ca_001__en__qwen3think__r3 valid=True choice=A retries=0
2026-07-06T08:05:07+06:00  [3/345] ca_001__id__qwen3think__r1 valid=True choice=B retries=0
2026-07-06T08:06:29+06:00  [4/345] ca_001__id__qwen3think__r2 valid=True choice=B retries=0
2026-07-06T08:08:43+06:00  [5/345] ca_001__id__qwen3think__r3 valid=True choice=B retries=0
2026-07-06T08:10:30+06:00  [6/345] ca_001__bn__qwen3think__r2 valid=True choice=D retries=0
2026-07-06T08:11:52+06:00  [7/345] ca_001__bn__qwen3think__r3 valid=True choice=D retries=0
2026-07-06T08:12:14+06:00  [8/345] ca_002__en__qwen3think__r2 valid=True choice=D retries=0
2026-07-06T08:12:44+06:00  [9/345] ca_002__en__qwen3think__r3 valid=True choice=D retries=0
2026-07-06T08:13:23+06:00  [10/345] ca_002__id__qwen3think__r1 valid=True choice=D retries=0
2026-07-06T08:13:44+06:00  [11/345] ca_002__id__qwen3think__r2 valid=True choice=D retries=0
2026-07-06T08:14:09+06:00  [12/345] ca_002__id__qwen3think__r3 valid=True choice=A retries=0
2026-07-06T08:14:27+06:00  [13/345] ca_002__bn__qwen3think__r2 valid=True choice=D retries=0
2026-07-06T08:14:55+06:00  [14/345] ca_002__bn__qwen3think__r3 valid=True choice=D retries=0
2026-07-06T08:15:14+06:00  [15/345] ca_003__en__qwen3think__r2 valid=True choice=A retries=0
2026-07-06T08:15:33+06:00  [16/345] ca_003__en__qwen3think__r3 valid=True choice=A retries=0
2026-07-06T08:15:51+06:00  [17/345] ca_003__id__qwen3think__r1 valid=True choice=C retries=0
2026-07-06T08:16:19+06:00  [18/345] ca_003__id__qwen3think__r2 valid=True choice=C retries=0
2026-07-06T08:17:33+06:00  [19/345] ca_003__id__qwen3think__r3 valid=True choice=B retries=0
2026-07-06T08:18:32+06:00  [20/345] ca_003__bn__qwen3think__r2 valid=True choice=A retries=0
2026-07-06T08:19:39+06:00  [21/345] ca_003__bn__qwen3think__r3 valid=True choice=A retries=0
2026-07-06T08:20:19+06:00  [22/345] ca_004__en__qwen3think__r1 valid=True choice=B retries=0
2026-07-06T08:21:03+06:00  [23/345] ca_004__en__qwen3think__r2 valid=True choice=D retries=0
2026-07-06T08:22:04+06:00  [24/345] ca_004__en__qwen3think__r3 valid=True choice=A retries=0
2026-07-06T08:23:09+06:00  [25/345] ca_004__id__qwen3think__r1 valid=True choice=D retries=0
2026-07-06T08:25:34+06:00  [26/345] ca_004__id__qwen3think__r2 valid=True choice=B retries=0
2026-07-06T08:27:41+06:00  [27/345] ca_004__id__qwen3think__r3 valid=True choice=D retries=0
2026-07-06T08:28:44+06:00  [28/345] ca_004__bn__qwen3think__r1 valid=True choice=D retries=0
2026-07-06T08:29:38+06:00  [29/345] ca_004__bn__qwen3think__r2 valid=True choice=B retries=0
2026-07-06T08:30:24+06:00  [30/345] ca_004__bn__qwen3think__r3 valid=True choice=A retries=0
2026-07-06T08:30:46+06:00  [31/345] ca_005__en__qwen3think__r1 valid=True choice=D retries=0
2026-07-06T08:31:05+06:00  [32/345] ca_005__en__qwen3think__r2 valid=True choice=D retries=0
2026-07-06T08:31:26+06:00  [33/345] ca_005__en__qwen3think__r3 valid=True choice=C retries=0
2026-07-06T08:32:04+06:00  [34/345] ca_005__id__qwen3think__r1 valid=True choice=C retries=0
2026-07-06T08:32:45+06:00  [35/345] ca_005__id__qwen3think__r2 valid=True choice=D retries=0
2026-07-06T08:33:10+06:00  [36/345] ca_005__id__qwen3think__r3 valid=True choice=D retries=0
2026-07-06T08:33:38+06:00  [37/345] ca_005__bn__qwen3think__r1 valid=True choice=C retries=0
2026-07-06T08:34:01+06:00  [38/345] ca_005__bn__qwen3think__r2 valid=True choice=D retries=0
2026-07-06T08:34:31+06:00  [39/345] ca_005__bn__qwen3think__r3 valid=True choice=D retries=0
2026-07-06T08:34:57+06:00  [40/345] ca_006__en__qwen3think__r1 valid=True choice=B retries=0
2026-07-06T08:35:17+06:00  [41/345] ca_006__en__qwen3think__r2 valid=True choice=B retries=0
2026-07-06T08:35:41+06:00  [42/345] ca_006__en__qwen3think__r3 valid=True choice=B retries=0
2026-07-06T08:36:24+06:00  [43/345] ca_006__id__qwen3think__r1 valid=True choice=D retries=0
2026-07-06T08:36:59+06:00  [44/345] ca_006__id__qwen3think__r2 valid=True choice=D retries=0
2026-07-06T08:37:21+06:00  [45/345] ca_006__id__qwen3think__r3 valid=True choice=C retries=0
2026-07-06T08:37:45+06:00  [46/345] ca_006__bn__qwen3think__r1 valid=True choice=C retries=0
2026-07-06T08:38:15+06:00  [47/345] ca_006__bn__qwen3think__r2 valid=True choice=B retries=0
2026-07-06T08:38:47+06:00  [48/345] ca_006__bn__qwen3think__r3 valid=True choice=B retries=0
2026-07-06T08:39:18+06:00  [49/345] ca_007__en__qwen3think__r1 valid=True choice=B retries=0
2026-07-06T08:39:39+06:00  [50/345] ca_007__en__qwen3think__r2 valid=True choice=B retries=0
2026-07-06T08:39:57+06:00  [51/345] ca_007__en__qwen3think__r3 valid=True choice=B retries=0
2026-07-06T08:40:34+06:00  [52/345] ca_007__id__qwen3think__r1 valid=True choice=D retries=0
2026-07-06T08:40:58+06:00  [53/345] ca_007__id__qwen3think__r2 valid=True choice=D retries=0
2026-07-06T08:41:36+06:00  [54/345] ca_007__id__qwen3think__r3 valid=True choice=D retries=0
2026-07-06T08:42:10+06:00  [55/345] ca_007__bn__qwen3think__r1 valid=True choice=D retries=0
2026-07-06T08:42:50+06:00  [56/345] ca_007__bn__qwen3think__r2 valid=True choice=D retries=0
2026-07-06T08:43:43+06:00  [57/345] ca_007__bn__qwen3think__r3 valid=True choice=B retries=0
2026-07-06T08:44:20+06:00  [58/345] ca_008__en__qwen3think__r1 valid=True choice=A retries=0
2026-07-06T08:44:40+06:00  [59/345] ca_008__en__qwen3think__r2 valid=True choice=D retries=0
2026-07-06T08:45:19+06:00  [60/345] ca_008__en__qwen3think__r3 valid=True choice=A retries=0
2026-07-06T08:45:49+06:00  [61/345] ca_008__id__qwen3think__r1 valid=True choice=A retries=0
2026-07-06T08:46:29+06:00  [62/345] ca_008__id__qwen3think__r2 valid=True choice=A retries=0
2026-07-06T08:47:02+06:00  [63/345] ca_008__id__qwen3think__r3 valid=True choice=A retries=0
2026-07-06T08:47:35+06:00  [64/345] ca_008__bn__qwen3think__r1 valid=True choice=C retries=0
2026-07-06T08:48:00+06:00  [65/345] ca_008__bn__qwen3think__r2 valid=True choice=C retries=0
2026-07-06T08:49:52+06:00  [66/345] ca_008__bn__qwen3think__r3 valid=True choice=D retries=0
2026-07-06T08:50:17+06:00  [67/345] ca_009__en__qwen3think__r1 valid=True choice=A retries=0
2026-07-06T08:50:48+06:00  [68/345] ca_009__en__qwen3think__r2 valid=True choice=A retries=0
2026-07-06T08:51:06+06:00  [69/345] ca_009__en__qwen3think__r3 valid=True choice=A retries=0
2026-07-06T08:51:53+06:00  [70/345] ca_009__id__qwen3think__r1 valid=True choice=B retries=0
2026-07-06T08:52:18+06:00  [71/345] ca_009__id__qwen3think__r2 valid=True choice=A retries=0
2026-07-06T08:53:33+06:00  [72/345] ca_009__id__qwen3think__r3 valid=True choice=A retries=0
2026-07-06T08:53:54+06:00  [73/345] ca_009__bn__qwen3think__r1 valid=True choice=A retries=0
2026-07-06T08:54:17+06:00  [74/345] ca_009__bn__qwen3think__r2 valid=True choice=A retries=0
2026-07-06T08:55:06+06:00  [75/345] ca_009__bn__qwen3think__r3 valid=True choice=A retries=0
2026-07-06T08:55:28+06:00  [76/345] ca_010__en__qwen3think__r1 valid=True choice=D retries=0
2026-07-06T08:56:04+06:00  [77/345] ca_010__en__qwen3think__r2 valid=True choice=B retries=0
2026-07-06T08:56:37+06:00  [78/345] ca_010__en__qwen3think__r3 valid=True choice=C retries=0
2026-07-06T08:57:18+06:00  [79/345] ca_010__id__qwen3think__r1 valid=True choice=D retries=0
2026-07-06T08:57:48+06:00  [80/345] ca_010__id__qwen3think__r2 valid=True choice=C retries=0
2026-07-06T08:58:34+06:00  [81/345] ca_010__id__qwen3think__r3 valid=True choice=C retries=0
2026-07-06T08:59:43+06:00  [82/345] ca_010__bn__qwen3think__r1 valid=True choice=D retries=0
2026-07-06T09:00:49+06:00  [83/345] ca_010__bn__qwen3think__r2 valid=True choice=D retries=0
2026-07-06T09:01:41+06:00  [84/345] ca_010__bn__qwen3think__r3 valid=True choice=D retries=0
2026-07-06T09:02:21+06:00  [85/345] ca_011__en__qwen3think__r1 valid=True choice=A retries=0
2026-07-06T09:02:35+06:00  [86/345] ca_011__en__qwen3think__r2 valid=True choice=A retries=0
2026-07-06T09:02:56+06:00  [87/345] ca_011__en__qwen3think__r3 valid=True choice=A retries=0
2026-07-06T09:03:16+06:00  [88/345] ca_011__id__qwen3think__r1 valid=True choice=B retries=0
2026-07-06T09:03:48+06:00  [89/345] ca_011__id__qwen3think__r2 valid=True choice=B retries=0
2026-07-06T09:04:09+06:00  [90/345] ca_011__id__qwen3think__r3 valid=True choice=B retries=0
2026-07-06T09:04:51+06:00  [91/345] ca_011__bn__qwen3think__r1 valid=True choice=A retries=0
2026-07-06T09:05:05+06:00  [92/345] ca_011__bn__qwen3think__r2 valid=True choice=B retries=0
2026-07-06T09:05:53+06:00  [93/345] ca_011__bn__qwen3think__r3 valid=True choice=A retries=0
2026-07-06T09:06:13+06:00  [94/345] ca_012__en__qwen3think__r1 valid=True choice=A retries=0
2026-07-06T09:06:30+06:00  [95/345] ca_012__en__qwen3think__r2 valid=True choice=C retries=0
2026-07-06T09:06:50+06:00  [96/345] ca_012__en__qwen3think__r3 valid=True choice=C retries=0
2026-07-06T09:07:15+06:00  [97/345] ca_012__id__qwen3think__r1 valid=True choice=C retries=0
2026-07-06T09:07:37+06:00  [98/345] ca_012__id__qwen3think__r2 valid=True choice=C retries=0
2026-07-06T09:07:58+06:00  [99/345] ca_012__id__qwen3think__r3 valid=True choice=C retries=0
2026-07-06T09:08:19+06:00  [100/345] ca_012__bn__qwen3think__r1 valid=True choice=C retries=0
2026-07-06T09:08:39+06:00  [101/345] ca_012__bn__qwen3think__r2 valid=True choice=C retries=0
2026-07-06T09:09:02+06:00  [102/345] ca_012__bn__qwen3think__r3 valid=True choice=C retries=0
2026-07-06T09:09:23+06:00  [103/345] ca_013__en__qwen3think__r1 valid=True choice=B retries=0
2026-07-06T09:09:48+06:00  [104/345] ca_013__en__qwen3think__r2 valid=True choice=D retries=0
2026-07-06T09:10:29+06:00  [105/345] ca_013__en__qwen3think__r3 valid=True choice=D retries=0
2026-07-06T09:10:51+06:00  [106/345] ca_013__id__qwen3think__r1 valid=True choice=B retries=0
2026-07-06T09:11:14+06:00  [107/345] ca_013__id__qwen3think__r2 valid=True choice=D retries=0
2026-07-06T09:11:37+06:00  [108/345] ca_013__id__qwen3think__r3 valid=True choice=B retries=0
2026-07-06T09:12:12+06:00  [109/345] ca_013__bn__qwen3think__r1 valid=True choice=C retries=0
2026-07-06T09:12:33+06:00  [110/345] ca_013__bn__qwen3think__r2 valid=True choice=C retries=0
2026-07-06T09:13:16+06:00  [111/345] ca_013__bn__qwen3think__r3 valid=True choice=D retries=0
2026-07-06T09:13:33+06:00  [112/345] ca_014__en__qwen3think__r1 valid=True choice=B retries=0
2026-07-06T09:13:53+06:00  [113/345] ca_014__en__qwen3think__r2 valid=True choice=C retries=0
2026-07-06T09:14:12+06:00  [114/345] ca_014__en__qwen3think__r3 valid=True choice=C retries=0
2026-07-06T09:14:31+06:00  [115/345] ca_014__id__qwen3think__r1 valid=True choice=B retries=0
2026-07-06T09:14:47+06:00  [116/345] ca_014__id__qwen3think__r2 valid=True choice=C retries=0
2026-07-06T09:15:09+06:00  [117/345] ca_014__id__qwen3think__r3 valid=True choice=B retries=0
2026-07-06T09:15:28+06:00  [118/345] ca_014__bn__qwen3think__r1 valid=True choice=A retries=0
2026-07-06T09:15:43+06:00  [119/345] ca_014__bn__qwen3think__r2 valid=True choice=C retries=0
2026-07-06T09:16:05+06:00  [120/345] ca_014__bn__qwen3think__r3 valid=True choice=A retries=0
2026-07-06T09:16:22+06:00  [121/345] ca_015__en__qwen3think__r1 valid=True choice=A retries=0
2026-07-06T09:16:48+06:00  [122/345] ca_015__en__qwen3think__r2 valid=True choice=D retries=0
2026-07-06T09:17:06+06:00  [123/345] ca_015__en__qwen3think__r3 valid=True choice=D retries=0
2026-07-06T09:17:28+06:00  [124/345] ca_015__id__qwen3think__r1 valid=True choice=D retries=0
2026-07-06T09:18:00+06:00  [125/345] ca_015__id__qwen3think__r2 valid=True choice=D retries=0
2026-07-06T09:18:22+06:00  [126/345] ca_015__id__qwen3think__r3 valid=True choice=D retries=0
2026-07-06T09:18:52+06:00  [127/345] ca_015__bn__qwen3think__r1 valid=True choice=D retries=0
2026-07-06T09:19:35+06:00  [128/345] ca_015__bn__qwen3think__r2 valid=True choice=D retries=0
2026-07-06T09:19:57+06:00  [129/345] ca_015__bn__qwen3think__r3 valid=True choice=D retries=0
2026-07-06T09:20:13+06:00  [130/345] ca_016__en__qwen3think__r1 valid=True choice=D retries=0
2026-07-06T09:20:33+06:00  [131/345] ca_016__en__qwen3think__r2 valid=True choice=D retries=0
2026-07-06T09:20:50+06:00  [132/345] ca_016__en__qwen3think__r3 valid=True choice=D retries=0
2026-07-06T09:21:12+06:00  [133/345] ca_016__id__qwen3think__r1 valid=True choice=D retries=0
2026-07-06T09:21:30+06:00  [134/345] ca_016__id__qwen3think__r2 valid=True choice=D retries=0
2026-07-06T09:21:52+06:00  [135/345] ca_016__id__qwen3think__r3 valid=True choice=D retries=0
2026-07-06T09:22:31+06:00  [136/345] ca_016__bn__qwen3think__r1 valid=True choice=A retries=0
2026-07-06T09:23:17+06:00  [137/345] ca_016__bn__qwen3think__r2 valid=True choice=B retries=0
2026-07-06T09:23:44+06:00  [138/345] ca_016__bn__qwen3think__r3 valid=True choice=A retries=0
2026-07-06T09:24:08+06:00  [139/345] ca_017__en__qwen3think__r1 valid=True choice=B retries=0
2026-07-06T09:24:25+06:00  [140/345] ca_017__en__qwen3think__r2 valid=True choice=A retries=0
2026-07-06T09:24:44+06:00  [141/345] ca_017__en__qwen3think__r3 valid=True choice=A retries=0
2026-07-06T09:25:17+06:00  [142/345] ca_017__id__qwen3think__r1 valid=True choice=A retries=0
2026-07-06T09:25:34+06:00  [143/345] ca_017__id__qwen3think__r2 valid=True choice=A retries=0
2026-07-06T09:26:01+06:00  [144/345] ca_017__id__qwen3think__r3 valid=True choice=C retries=0
2026-07-06T09:26:20+06:00  [145/345] ca_017__bn__qwen3think__r1 valid=True choice=B retries=0
2026-07-06T09:26:38+06:00  [146/345] ca_017__bn__qwen3think__r2 valid=True choice=A retries=0
2026-07-06T09:26:58+06:00  [147/345] ca_017__bn__qwen3think__r3 valid=True choice=A retries=0
2026-07-06T09:27:16+06:00  [148/345] ca_018__en__qwen3think__r1 valid=True choice=B retries=0
2026-07-06T09:28:14+06:00  [149/345] ca_018__en__qwen3think__r2 valid=True choice=B retries=0
2026-07-06T09:28:34+06:00  [150/345] ca_018__en__qwen3think__r3 valid=True choice=B retries=0
2026-07-06T09:29:33+06:00  [151/345] ca_018__id__qwen3think__r1 valid=True choice=B retries=0
2026-07-06T09:30:09+06:00  [152/345] ca_018__id__qwen3think__r2 valid=True choice=B retries=0
2026-07-06T09:30:34+06:00  [153/345] ca_018__id__qwen3think__r3 valid=True choice=C retries=0
2026-07-06T09:30:54+06:00  [154/345] ca_018__bn__qwen3think__r1 valid=True choice=B retries=0
2026-07-06T09:31:29+06:00  [155/345] ca_018__bn__qwen3think__r2 valid=True choice=B retries=0
2026-07-06T09:31:59+06:00  [156/345] ca_018__bn__qwen3think__r3 valid=True choice=B retries=0
2026-07-06T09:32:25+06:00  [157/345] ca_019__en__qwen3think__r1 valid=True choice=A retries=0
2026-07-06T09:33:24+06:00  [158/345] ca_019__en__qwen3think__r2 valid=True choice=A retries=0
2026-07-06T09:34:04+06:00  [159/345] ca_019__en__qwen3think__r3 valid=True choice=D retries=0
2026-07-06T09:34:25+06:00  [160/345] ca_019__id__qwen3think__r1 valid=True choice=A retries=0
2026-07-06T09:35:08+06:00  [161/345] ca_019__id__qwen3think__r2 valid=True choice=A retries=0
2026-07-06T09:35:39+06:00  [162/345] ca_019__id__qwen3think__r3 valid=True choice=A retries=0
2026-07-06T09:36:07+06:00  [163/345] ca_019__bn__qwen3think__r1 valid=True choice=A retries=0
2026-07-06T09:36:35+06:00  [164/345] ca_019__bn__qwen3think__r2 valid=True choice=D retries=0
2026-07-06T09:37:00+06:00  [165/345] ca_019__bn__qwen3think__r3 valid=True choice=A retries=0
2026-07-06T09:37:20+06:00  [166/345] ca_020__en__qwen3think__r1 valid=True choice=A retries=0
2026-07-06T09:37:37+06:00  [167/345] ca_020__en__qwen3think__r2 valid=True choice=B retries=0
2026-07-06T09:37:53+06:00  [168/345] ca_020__en__qwen3think__r3 valid=True choice=A retries=0
2026-07-06T09:38:13+06:00  [169/345] ca_020__id__qwen3think__r1 valid=True choice=A retries=0
2026-07-06T09:38:37+06:00  [170/345] ca_020__id__qwen3think__r2 valid=True choice=A retries=0
2026-07-06T09:39:02+06:00  [171/345] ca_020__id__qwen3think__r3 valid=True choice=A retries=0
2026-07-06T09:39:34+06:00  [172/345] ca_020__bn__qwen3think__r1 valid=True choice=A retries=0
2026-07-06T09:39:52+06:00  [173/345] ca_020__bn__qwen3think__r2 valid=True choice=B retries=0
2026-07-06T09:40:23+06:00  [174/345] ca_020__bn__qwen3think__r3 valid=True choice=A retries=0
2026-07-06T09:40:45+06:00  [175/345] ca_021__en__qwen3think__r1 valid=True choice=B retries=0
2026-07-06T09:41:04+06:00  [176/345] ca_021__en__qwen3think__r2 valid=True choice=A retries=0
2026-07-06T09:41:19+06:00  [177/345] ca_021__en__qwen3think__r3 valid=True choice=A retries=0
2026-07-06T09:41:38+06:00  [178/345] ca_021__id__qwen3think__r1 valid=True choice=B retries=0
2026-07-06T09:42:11+06:00  [179/345] ca_021__id__qwen3think__r2 valid=True choice=B retries=0
2026-07-06T09:42:31+06:00  [180/345] ca_021__id__qwen3think__r3 valid=True choice=A retries=0
2026-07-06T09:42:54+06:00  [181/345] ca_021__bn__qwen3think__r1 valid=True choice=B retries=0
2026-07-06T09:43:42+06:00  [182/345] ca_021__bn__qwen3think__r2 valid=True choice=A retries=0
2026-07-06T09:44:13+06:00  [183/345] ca_021__bn__qwen3think__r3 valid=True choice=A retries=0
2026-07-06T09:44:36+06:00  [184/345] ca_022__en__qwen3think__r1 valid=True choice=B retries=0
2026-07-06T09:44:55+06:00  [185/345] ca_022__en__qwen3think__r2 valid=True choice=D retries=0
2026-07-06T09:45:29+06:00  [186/345] ca_022__en__qwen3think__r3 valid=True choice=B retries=0
2026-07-06T09:46:22+06:00  [187/345] ca_022__id__qwen3think__r1 valid=True choice=B retries=0
2026-07-06T09:46:46+06:00  [188/345] ca_022__id__qwen3think__r2 valid=True choice=B retries=0
2026-07-06T09:47:10+06:00  [189/345] ca_022__id__qwen3think__r3 valid=True choice=D retries=0
2026-07-06T09:47:29+06:00  [190/345] ca_022__bn__qwen3think__r1 valid=True choice=D retries=0
2026-07-06T09:48:18+06:00  [191/345] ca_022__bn__qwen3think__r2 valid=True choice=A retries=0
2026-07-06T09:48:33+06:00  [192/345] ca_022__bn__qwen3think__r3 valid=True choice=D retries=0
2026-07-06T09:48:55+06:00  [193/345] ca_023__en__qwen3think__r1 valid=True choice=B retries=0
2026-07-06T09:49:11+06:00  [194/345] ca_023__en__qwen3think__r2 valid=True choice=B retries=0
2026-07-06T09:49:31+06:00  [195/345] ca_023__en__qwen3think__r3 valid=True choice=B retries=0
2026-07-06T09:49:52+06:00  [196/345] ca_023__id__qwen3think__r1 valid=True choice=B retries=0
2026-07-06T09:50:30+06:00  [197/345] ca_023__id__qwen3think__r2 valid=True choice=B retries=0
2026-07-06T09:50:54+06:00  [198/345] ca_023__id__qwen3think__r3 valid=True choice=B retries=0
2026-07-06T09:51:33+06:00  [199/345] ca_023__bn__qwen3think__r1 valid=True choice=A retries=0
2026-07-06T09:52:24+06:00  [200/345] ca_023__bn__qwen3think__r2 valid=True choice=A retries=0
2026-07-06T09:53:00+06:00  [201/345] ca_023__bn__qwen3think__r3 valid=True choice=A retries=0
2026-07-06T09:53:18+06:00  [202/345] ca_024__en__qwen3think__r1 valid=True choice=A retries=0
2026-07-06T09:53:44+06:00  [203/345] ca_024__en__qwen3think__r2 valid=True choice=B retries=0
2026-07-06T09:53:59+06:00  [204/345] ca_024__en__qwen3think__r3 valid=True choice=A retries=0
2026-07-06T09:54:30+06:00  [205/345] ca_024__id__qwen3think__r1 valid=True choice=C retries=0
2026-07-06T09:54:59+06:00  [206/345] ca_024__id__qwen3think__r2 valid=True choice=C retries=0
2026-07-06T09:55:25+06:00  [207/345] ca_024__id__qwen3think__r3 valid=True choice=A retries=0
2026-07-06T09:55:39+06:00  [208/345] ca_024__bn__qwen3think__r1 valid=True choice=D retries=0
2026-07-06T09:55:59+06:00  [209/345] ca_024__bn__qwen3think__r2 valid=True choice=B retries=0
2026-07-06T09:57:17+06:00  [210/345] ca_024__bn__qwen3think__r3 valid=True choice=D retries=0
2026-07-06T09:58:44+06:00  [211/345] ca_025__en__qwen3think__r1 valid=True choice=A retries=0
2026-07-06T09:59:07+06:00  [212/345] ca_025__en__qwen3think__r2 valid=True choice=A retries=0
2026-07-06T09:59:29+06:00  [213/345] ca_025__en__qwen3think__r3 valid=True choice=A retries=0
2026-07-06T10:00:48+06:00  [214/345] ca_025__id__qwen3think__r1 valid=True choice=B retries=0
2026-07-06T10:01:12+06:00  [215/345] ca_025__id__qwen3think__r2 valid=True choice=A retries=0
2026-07-06T10:01:54+06:00  [216/345] ca_025__id__qwen3think__r3 valid=True choice=B retries=0
2026-07-06T10:02:13+06:00  [217/345] ca_025__bn__qwen3think__r1 valid=True choice=B retries=0
2026-07-06T10:02:36+06:00  [218/345] ca_025__bn__qwen3think__r2 valid=True choice=A retries=0
2026-07-06T10:03:14+06:00  [219/345] ca_025__bn__qwen3think__r3 valid=True choice=B retries=0
2026-07-06T10:03:26+06:00  [220/345] ca_026__en__qwen3think__r1 valid=True choice=A retries=0
2026-07-06T10:03:45+06:00  [221/345] ca_026__en__qwen3think__r2 valid=True choice=C retries=0
2026-07-06T10:04:06+06:00  [222/345] ca_026__en__qwen3think__r3 valid=True choice=D retries=0
2026-07-06T10:04:23+06:00  [223/345] ca_026__id__qwen3think__r1 valid=True choice=A retries=0
2026-07-06T10:04:45+06:00  [224/345] ca_026__id__qwen3think__r2 valid=True choice=A retries=0
2026-07-06T10:05:11+06:00  [225/345] ca_026__id__qwen3think__r3 valid=True choice=A retries=0
2026-07-06T10:06:01+06:00  [226/345] ca_026__bn__qwen3think__r1 valid=True choice=C retries=0
2026-07-06T10:07:05+06:00  [227/345] ca_026__bn__qwen3think__r2 valid=True choice=C retries=0
2026-07-06T10:07:46+06:00  [228/345] ca_026__bn__qwen3think__r3 valid=True choice=C retries=0
2026-07-06T10:08:07+06:00  [229/345] ca_027__en__qwen3think__r1 valid=True choice=B retries=0
2026-07-06T10:09:29+06:00  [230/345] ca_027__en__qwen3think__r2 valid=True choice=B retries=0
2026-07-06T10:09:45+06:00  [231/345] ca_027__en__qwen3think__r3 valid=True choice=B retries=0
2026-07-06T10:10:16+06:00  [232/345] ca_027__id__qwen3think__r1 valid=True choice=B retries=0
2026-07-06T10:10:45+06:00  [233/345] ca_027__id__qwen3think__r2 valid=True choice=B retries=0
2026-07-06T10:11:43+06:00  [234/345] ca_027__id__qwen3think__r3 valid=True choice=B retries=0
2026-07-06T10:12:16+06:00  [235/345] ca_027__bn__qwen3think__r1 valid=True choice=B retries=0
2026-07-06T10:12:32+06:00  [236/345] ca_027__bn__qwen3think__r2 valid=True choice=B retries=0
2026-07-06T10:12:49+06:00  [237/345] ca_027__bn__qwen3think__r3 valid=True choice=B retries=0
2026-07-06T10:13:08+06:00  [238/345] ca_028__en__qwen3think__r1 valid=True choice=A retries=0
2026-07-06T10:13:22+06:00  [239/345] ca_028__en__qwen3think__r2 valid=True choice=A retries=0
2026-07-06T10:13:38+06:00  [240/345] ca_028__en__qwen3think__r3 valid=True choice=A retries=0
2026-07-06T10:13:57+06:00  [241/345] ca_028__id__qwen3think__r1 valid=True choice=A retries=0
2026-07-06T10:14:34+06:00  [242/345] ca_028__id__qwen3think__r2 valid=True choice=A retries=0
2026-07-06T10:14:49+06:00  [243/345] ca_028__id__qwen3think__r3 valid=True choice=A retries=0
2026-07-06T10:15:33+06:00  [244/345] ca_028__bn__qwen3think__r1 valid=True choice=A retries=0
2026-07-06T10:16:08+06:00  [245/345] ca_028__bn__qwen3think__r2 valid=True choice=C retries=0
2026-07-06T10:16:35+06:00  [246/345] ca_028__bn__qwen3think__r3 valid=True choice=A retries=0
2026-07-06T10:16:51+06:00  [247/345] ca_029__en__qwen3think__r1 valid=True choice=D retries=0
2026-07-06T10:17:12+06:00  [248/345] ca_029__en__qwen3think__r2 valid=True choice=D retries=0
2026-07-06T10:17:29+06:00  [249/345] ca_029__en__qwen3think__r3 valid=True choice=D retries=0
2026-07-06T10:18:57+06:00  [250/345] ca_029__id__qwen3think__r1 valid=True choice=D retries=0
2026-07-06T10:19:18+06:00  [251/345] ca_029__id__qwen3think__r2 valid=True choice=B retries=0
2026-07-06T10:19:40+06:00  [252/345] ca_029__id__qwen3think__r3 valid=True choice=D retries=0
2026-07-06T10:20:00+06:00  [253/345] ca_029__bn__qwen3think__r1 valid=True choice=D retries=0
2026-07-06T10:20:57+06:00  [254/345] ca_029__bn__qwen3think__r2 valid=True choice=B retries=0
2026-07-06T10:21:20+06:00  [255/345] ca_029__bn__qwen3think__r3 valid=True choice=D retries=0
2026-07-06T10:21:44+06:00  [256/345] ca_030__en__qwen3think__r1 valid=True choice=D retries=0
2026-07-06T10:22:08+06:00  [257/345] ca_030__en__qwen3think__r2 valid=True choice=D retries=0
2026-07-06T10:22:30+06:00  [258/345] ca_030__en__qwen3think__r3 valid=True choice=D retries=0
2026-07-06T10:22:54+06:00  [259/345] ca_030__id__qwen3think__r1 valid=True choice=D retries=0
2026-07-06T10:23:21+06:00  [260/345] ca_030__id__qwen3think__r2 valid=True choice=D retries=0
2026-07-06T10:23:46+06:00  [261/345] ca_030__id__qwen3think__r3 valid=True choice=D retries=0
2026-07-06T10:24:44+06:00  [262/345] ca_030__bn__qwen3think__r1 valid=True choice=D retries=0
2026-07-06T10:25:05+06:00  [263/345] ca_030__bn__qwen3think__r2 valid=True choice=D retries=0
2026-07-06T10:25:39+06:00  [264/345] ca_030__bn__qwen3think__r3 valid=True choice=D retries=0
2026-07-06T10:26:00+06:00  [265/345] ca_031__en__qwen3think__r1 valid=True choice=A retries=0
2026-07-06T10:26:32+06:00  [266/345] ca_031__en__qwen3think__r2 valid=True choice=A retries=0
2026-07-06T10:26:53+06:00  [267/345] ca_031__en__qwen3think__r3 valid=True choice=A retries=0
2026-07-06T10:27:14+06:00  [268/345] ca_031__id__qwen3think__r1 valid=True choice=A retries=0
2026-07-06T10:28:11+06:00  [269/345] ca_031__id__qwen3think__r2 valid=True choice=A retries=0
2026-07-06T10:30:52+06:00  [270/345] ca_031__id__qwen3think__r3 valid=True choice=A retries=0
2026-07-06T10:31:21+06:00  [271/345] ca_031__bn__qwen3think__r1 valid=True choice=C retries=0
2026-07-06T10:32:04+06:00  [272/345] ca_031__bn__qwen3think__r2 valid=True choice=A retries=0
2026-07-06T10:32:42+06:00  [273/345] ca_031__bn__qwen3think__r3 valid=True choice=A retries=0
2026-07-06T10:33:04+06:00  [274/345] ca_032__en__qwen3think__r1 valid=True choice=D retries=0
2026-07-06T10:33:27+06:00  [275/345] ca_032__en__qwen3think__r2 valid=True choice=D retries=0
2026-07-06T10:33:48+06:00  [276/345] ca_032__en__qwen3think__r3 valid=True choice=D retries=0
2026-07-06T10:34:20+06:00  [277/345] ca_032__id__qwen3think__r1 valid=True choice=B retries=0
2026-07-06T10:34:44+06:00  [278/345] ca_032__id__qwen3think__r2 valid=True choice=B retries=0
2026-07-06T10:35:04+06:00  [279/345] ca_032__id__qwen3think__r3 valid=True choice=B retries=0
2026-07-06T10:35:25+06:00  [280/345] ca_032__bn__qwen3think__r1 valid=True choice=B retries=0
2026-07-06T10:35:47+06:00  [281/345] ca_032__bn__qwen3think__r2 valid=True choice=D retries=0
2026-07-06T10:36:04+06:00  [282/345] ca_032__bn__qwen3think__r3 valid=True choice=B retries=0
2026-07-06T10:36:22+06:00  [283/345] ca_033__en__qwen3think__r1 valid=True choice=B retries=0
2026-07-06T10:36:40+06:00  [284/345] ca_033__en__qwen3think__r2 valid=True choice=B retries=0
2026-07-06T10:36:56+06:00  [285/345] ca_033__en__qwen3think__r3 valid=True choice=B retries=0
2026-07-06T10:37:28+06:00  [286/345] ca_033__id__qwen3think__r1 valid=True choice=B retries=0
2026-07-06T10:38:26+06:00  [287/345] ca_033__id__qwen3think__r2 valid=True choice=B retries=0
2026-07-06T10:38:43+06:00  [288/345] ca_033__id__qwen3think__r3 valid=True choice=B retries=0
2026-07-06T10:39:21+06:00  [289/345] ca_033__bn__qwen3think__r1 valid=True choice=B retries=0
2026-07-06T10:39:42+06:00  [290/345] ca_033__bn__qwen3think__r2 valid=True choice=B retries=0
2026-07-06T10:40:11+06:00  [291/345] ca_033__bn__qwen3think__r3 valid=True choice=B retries=0
2026-07-06T10:40:31+06:00  [292/345] ca_034__en__qwen3think__r1 valid=True choice=A retries=0
2026-07-06T10:40:50+06:00  [293/345] ca_034__en__qwen3think__r2 valid=True choice=A retries=0
2026-07-06T10:41:10+06:00  [294/345] ca_034__en__qwen3think__r3 valid=True choice=D retries=0
2026-07-06T10:42:29+06:00  [295/345] ca_034__id__qwen3think__r1 valid=True choice=A retries=0
2026-07-06T10:42:50+06:00  [296/345] ca_034__id__qwen3think__r2 valid=True choice=A retries=0
2026-07-06T10:43:13+06:00  [297/345] ca_034__id__qwen3think__r3 valid=True choice=D retries=0
2026-07-06T10:43:29+06:00  [298/345] ca_034__bn__qwen3think__r1 valid=True choice=A retries=0
2026-07-06T10:43:55+06:00  [299/345] ca_034__bn__qwen3think__r2 valid=True choice=A retries=0
2026-07-06T10:44:15+06:00  [300/345] ca_034__bn__qwen3think__r3 valid=True choice=A retries=0
2026-07-06T10:44:35+06:00  [301/345] ca_035__en__qwen3think__r1 valid=True choice=B retries=0
2026-07-06T10:44:53+06:00  [302/345] ca_035__en__qwen3think__r2 valid=True choice=B retries=0
2026-07-06T10:45:25+06:00  [303/345] ca_035__en__qwen3think__r3 valid=True choice=B retries=0
2026-07-06T10:45:59+06:00  [304/345] ca_035__id__qwen3think__r1 valid=True choice=B retries=0
2026-07-06T10:46:23+06:00  [305/345] ca_035__id__qwen3think__r2 valid=True choice=B retries=0
2026-07-06T10:46:40+06:00  [306/345] ca_035__id__qwen3think__r3 valid=True choice=B retries=0
2026-07-06T10:47:31+06:00  [307/345] ca_035__bn__qwen3think__r1 valid=True choice=C retries=0
2026-07-06T10:47:56+06:00  [308/345] ca_035__bn__qwen3think__r2 valid=True choice=B retries=0
2026-07-06T10:48:22+06:00  [309/345] ca_035__bn__qwen3think__r3 valid=True choice=B retries=0
2026-07-06T10:48:48+06:00  [310/345] ca_036__en__qwen3think__r1 valid=True choice=B retries=0
2026-07-06T10:49:33+06:00  [311/345] ca_036__en__qwen3think__r2 valid=True choice=B retries=0
2026-07-06T10:50:17+06:00  [312/345] ca_036__en__qwen3think__r3 valid=True choice=D retries=0
2026-07-06T10:51:04+06:00  [313/345] ca_036__id__qwen3think__r1 valid=True choice=C retries=0
2026-07-06T10:51:28+06:00  [314/345] ca_036__id__qwen3think__r2 valid=True choice=B retries=0
2026-07-06T10:51:59+06:00  [315/345] ca_036__id__qwen3think__r3 valid=True choice=C retries=0
2026-07-06T10:52:34+06:00  [316/345] ca_036__bn__qwen3think__r1 valid=True choice=A retries=0
2026-07-06T10:52:58+06:00  [317/345] ca_036__bn__qwen3think__r2 valid=True choice=C retries=0
2026-07-06T10:53:27+06:00  [318/345] ca_036__bn__qwen3think__r3 valid=True choice=A retries=0
2026-07-06T10:53:56+06:00  [319/345] ca_037__en__qwen3think__r1 valid=True choice=B retries=0
2026-07-06T10:54:18+06:00  [320/345] ca_037__en__qwen3think__r2 valid=True choice=B retries=0
2026-07-06T10:54:36+06:00  [321/345] ca_037__en__qwen3think__r3 valid=True choice=B retries=0
2026-07-06T10:54:53+06:00  [322/345] ca_037__id__qwen3think__r1 valid=True choice=A retries=0
2026-07-06T10:55:16+06:00  [323/345] ca_037__id__qwen3think__r2 valid=True choice=A retries=0
2026-07-06T10:55:29+06:00  [324/345] ca_037__id__qwen3think__r3 valid=True choice=D retries=0
2026-07-06T10:55:56+06:00  [325/345] ca_037__bn__qwen3think__r1 valid=True choice=B retries=0
2026-07-06T10:56:13+06:00  [326/345] ca_037__bn__qwen3think__r2 valid=True choice=A retries=0
2026-07-06T10:56:30+06:00  [327/345] ca_037__bn__qwen3think__r3 valid=True choice=A retries=0
2026-07-06T10:56:44+06:00  [328/345] ca_038__en__qwen3think__r1 valid=True choice=B retries=0
2026-07-06T10:56:58+06:00  [329/345] ca_038__en__qwen3think__r2 valid=True choice=B retries=0
2026-07-06T10:57:12+06:00  [330/345] ca_038__en__qwen3think__r3 valid=True choice=B retries=0
2026-07-06T10:57:35+06:00  [331/345] ca_038__id__qwen3think__r1 valid=True choice=B retries=0
2026-07-06T10:57:55+06:00  [332/345] ca_038__id__qwen3think__r2 valid=True choice=B retries=0
2026-07-06T10:58:19+06:00  [333/345] ca_038__id__qwen3think__r3 valid=True choice=B retries=0
2026-07-06T10:58:35+06:00  [334/345] ca_038__bn__qwen3think__r1 valid=True choice=B retries=0
2026-07-06T10:59:29+06:00  [335/345] ca_038__bn__qwen3think__r2 valid=True choice=B retries=0
2026-07-06T10:59:47+06:00  [336/345] ca_038__bn__qwen3think__r3 valid=True choice=B retries=0
2026-07-06T11:00:12+06:00  [337/345] ca_039__en__qwen3think__r1 valid=True choice=C retries=0
2026-07-06T11:00:25+06:00  [338/345] ca_039__en__qwen3think__r2 valid=True choice=D retries=0
2026-07-06T11:00:59+06:00  [339/345] ca_039__en__qwen3think__r3 valid=True choice=D retries=0
2026-07-06T11:01:22+06:00  [340/345] ca_039__id__qwen3think__r1 valid=True choice=D retries=0
2026-07-06T11:01:45+06:00  [341/345] ca_039__id__qwen3think__r2 valid=True choice=D retries=0
2026-07-06T11:02:15+06:00  [342/345] ca_039__id__qwen3think__r3 valid=True choice=C retries=0
2026-07-06T11:02:47+06:00  [343/345] ca_039__bn__qwen3think__r1 valid=True choice=D retries=0
2026-07-06T11:03:18+06:00  [344/345] ca_039__bn__qwen3think__r2 valid=True choice=D retries=0
2026-07-06T11:03:48+06:00  [345/345] ca_039__bn__qwen3think__r3 valid=True choice=D retries=0
2026-07-06T11:03:48+06:00  === FULL done ===
